Site,Level,Area,LOT,,ID,RawMaterial,ChertType,QuartzQuality,Class,CorePreparProd,RetouchedPieceBlank,PieceCompleteness,Cortex,CortexLocation,CortexType,PlatformType,PlatformCortex,Lipping,BlankShape,CrossSection,BlankTip,Profile,ScarCount,ScarPattern,Thickness,MaxWidth,ProxWidth,MedWidth,DistWidth,Length,PlatformThickness,PlatformWidth,ExteriorPlatformAngle,Weight,CoreType,CoreCrossSection,NumberCoreFaces,CorePlatform,CoreDistalTreatment,CoreLeftTreatment,CoreRightTreatment,CoreBackTreatment,MainFaceCortex,MainFaceScarCount,MainFaceScarDirection,MainFaceArisOrientation,MainFaceScarLength,MainFaceScarMaxWidth,MainFaceScarProxWidth,MainFaceScarMedWidth,MainFaceScarDistWidth,MainFacePlatformAngle,MainFaceCoreUse,DistalFaceCortex,DistalFaceScarCount,DistalFaceScarDirection,DistalFaceArisOrientation,DistalFaceCoreUse,LeftFaceCortex,LeftFaceScarCount,LeftFaceScarDirection,LeftFaceArisOrientation,LeftFaceCoreUse,RightFaceCortex,RightFaceScarCount,RightFaceScarDirection,RightFaceArisOrientation,RightFaceCoreUse,BackFaceCortex,BackFaceScarCount,BackFaceScarDirection,BackFaceArisOrientation,BackFaceCoreUse,CoreAbandon,Alteration,Fire,EdgeDamage,RetouchedPieceTypology,ChipQuantity,OtherNotes
LP,,,,D4,54,Quartz,,Fine,BlankFrag,,,Proximal,0%,,,Winged,No,No,,,,,2,,2.33,0,0,0,0,0,2.47,8.85,97.5,0.6,,,,,,,,,,0,,,0,0,0,0,0,0,,,0,,,,,0,,,,,0,,,,,0,,,,,None,,No,,0,
LP,,,,A5,286,Other,,,Manuport,,,,100%,,Cobble,,No,No,,,,,0,,6.08,0,0,0,0,0,0,0,0,6.5,,,,,,,,,,0,,,0,0,0,0,0,0,,,0,,,,,0,,,,,0,,,,,0,,,,,None,,,,0,
LP,,,,C4,166,Quartz,,RockCrystal,Blank,,,,0%,,,Crushed,No,No,Convergent,Triangular,Feather,Curved,2,Unidirectional,2.19,4.55,4.1,4.42,1.72,9.24,1.44,3.76,0,0,,,,,,,,,,0,,,0,0,0,0,0,0,,,0,,,,,0,,,,,0,,,,,0,,,,,None,,No,,0,
LP,,,,C4,166,Quartz,,RockCrystal,Blank,,,,0%,,,Crushed,No,No,Convergent,Triangular,Feather,Curved,2,Unidirectional,2.36,6.82,6.32,6.73,3.34,14.61,2.1,4.93,102.1,0,,,,,,,,,,0,,,0,0,0,0,0,0,,,0,,,,,0,,,,,0,,,,,0,,,,,None,,No,,0,
LP,,,,C4,166,Quartz,,RockCrystal,Blank,,,,0%,,,Plain,No,No,Parallel,Triangular,Feather,Straight,2,Unidirectional,2.47,6.3,3,6.46,3.53,17.04,1.69,2.47,103.5,0,,,,,,,,,,0,,,0,0,0,0,0,0,,,0,,,,,0,,,,,0,,,,,0,,,,,None,,No,,0,
LP,,,,C4,139,Chert,RM3,,BlankFrag,,,Distal,0%,,,,No,No,,Triangular,Feather,,2,,1.84,9.77,0,0,0,0,0,0,0,0,,,,,,,,,,0,,,0,0,0,0,0,0,,,0,,,,,0,,,,,0,,,,,0,,,,,None,,Yes,,0,
LP,,,,A5,256,Quartz,,RockCrystal,Blank,,,,0%,,,Plain,No,No,Divergent,Lenticular,Step,Straight,2,Unidirectional,2.06,7.42,3.64,6.57,7.34,12.81,1.62,3.53,95.5,0,,,,,,,,,,0,,,0,0,0,0,0,0,,,0,,,,,0,,,,,0,,,,,0,,,,,None,,No,,0,
LP,,,,B4,154,Quartz,,Fine,Blank,,,,0%,,,Plain,No,No,Parallel,Trapezoidal,Feather,Straight,3,Unidirectional,2.82,10.15,6.98,9.56,7.6,19.04,2.28,7.29,84,1,,,,,,,,,,0,,,0,0,0,0,0,0,,,0,,,,,0,,,,,0,,,,,0,,,,,None,,Yes,,0,
LP,,,,C4,184,Quartz,,RockCrystal,Blank,,,,1-30%,Proximal,Indeterminate,Plain,YesComplete,No,Convergent,Triangular,Hinge,Straight,3,Unidirectional,13.18,19.17,11.86,18.2,6.1,38.95,10.74,4.95,113.8,7.6,,,,,,,,,,0,,,0,0,0,0,0,0,,,0,,,,,0,,,,,0,,,,,0,,,,,None,,Yes,,0,
LP,,,,B4,64,Other,,,Shatter,,,,0%,,,,No,No,,,,,0,,0,0,0,0,0,0,0,0,0,0.8,,,,,,,,,,0,,,0,0,0,0,0,0,,,0,,,,,0,,,,,0,,,,,0,,,,,Concretion,,,,0,Quartzite
LP,,,,C5,2180,Quartz,,Fine,Chip,,,,,,,,No,No,,,,,0,,0,0,0,0,0,0,0,0,0,0,,,,,,,,,,0,,,0,0,0,0,0,0,,,0,,,,,0,,,,,0,,,,,0,,,,,None,,,,3,
LP,,,,C5,2180,Quartz,,Medium,Shatter,,,,0%,,,,No,No,,,,,0,,0,0,0,0,0,0,0,0,0,0.8,,,,,,,,,,0,,,0,0,0,0,0,0,,,0,,,,,0,,,,,0,,,,,0,,,,,None,,,,0,
LP,,,,A5,477,Quartz,,Fine,BlankFrag,,,Distal,0%,,,,No,No,,Triangular,Pointed,,2,,3.27,4.98,0,0,0,0,0,0,0,0,,,,,,,,,,0,,,0,0,0,0,0,0,,,0,,,,,0,,,,,0,,,,,0,,,,,None,,No,,0,
LP,,,,C4,139,Quartz,,Fine,Chip,,,,,,,,No,No,,,,,0,,0,0,0,0,0,0,0,0,0,0,,,,,,,,,,0,,,0,0,0,0,0,0,,,0,,,,,0,,,,,0,,,,,0,,,,,None,,,,1,
LP,,,,C4,188,Quartz,,Fine,Chip,,,,,,,,No,No,,,,,0,,0,0,0,0,0,0,0,0,0,0,,,,,,,,,,0,,,0,0,0,0,0,0,,,0,,,,,0,,,,,0,,,,,0,,,,,None,,,,2,
LP,,,,C4,188,Quartz,,RockCrystal,Chip,,,,,,,,No,No,,,,,0,,0,0,0,0,0,0,0,0,0,0,,,,,,,,,,0,,,0,0,0,0,0,0,,,0,,,,,0,,,,,0,,,,,0,,,,,None,,,,3,
LP,,,,A6,905,Quartz,,Fine,Shatter,,,,61-99%,,Cobble,,No,No,,,,,0,,0,0,0,0,0,0,0,0,0,2.4,,,,,,,,,,0,,,0,0,0,0,0,0,,,0,,,,,0,,,,,0,,,,,0,,,,,None,,,,0,
LP,,,,A6,905,Quartz,,Fine,Manuport,,,,100%,,Cobble,,No,No,,,,,0,,6.1,0,0,0,0,0,0,0,0,1.3,,,,,,,,,,0,,,0,0,0,0,0,0,,,0,,,,,0,,,,,0,,,,,0,,,,,None,,,,0,
LP,,,,A6,905,Other,,,Manuport,,,,100%,,Cobble,,No,No,,,,,0,,5.04,0,0,0,0,0,0,0,0,0.9,,,,,,,,,,0,,,0,0,0,0,0,0,,,0,,,,,0,,,,,0,,,,,0,,,,,None,,,,0,
LP,,,,A6,905,Quartz,,Fine,Chip,,,,,,,,No,Yes,,,,,0,,0,0,0,0,0,0,0,0,0,0,,,,,,,,,,0,,,0,0,0,0,0,0,,,0,,,,,0,,,,,0,,,,,0,,,,,None,,,,10,
LP,,,,C5,2231,Quartz,,Fine,Chip,,,,,,,,No,No,,,,,0,,0,0,0,0,0,0,0,0,0,0,,,,,,,,,,0,,,0,0,0,0,0,0,,,0,,,,,0,,,,,0,,,,,0,,,,,None,,,,1,
LP,,,,B5,1009,Chert,,,Blank,,,,0%,,,Crushed,No,No,Convergent,Triangular,Feather,Curved,3,Unidirectional,3.16,8.78,3.73,6.64,3.7,18.79,2.17,2.91,0,0.8,,,,,,,,,,0,,,0,0,0,0,0,0,,,0,,,,,0,,,,,0,,,,,0,,,,,None,,No,,0,
LP,,,,B4,132,Chert,,,Blank,,,,0%,,,Plain,No,No,Convergent,Triangular,Feather,Straight,2,Unidirectional,1.94,7.85,7.83,6.92,4.38,17.48,2.26,6.59,96.1,0,,,,,,,,,,0,,,0,0,0,0,0,0,,,0,,,,,0,,,,,0,,,,,0,,,,,Fire,Burned,Yes,,0,
LP,,,,D4,166,Chert,RM7,,BlankFrag,,,Distal,0%,,,,No,No,,Lenticular,Feather,,5,,2.87,9.86,0,0,0,0,0,0,0,0,,,,,,,,,,0,,,0,0,0,0,0,0,,,0,,,,,0,,,,,0,,,,,0,,,,,Concretion,,No,,0,
LP,,,,A5,706,Quartz,,Fine,Chip,,,,,,,,No,No,,,,,0,,0,0,0,0,0,0,0,0,0,0,,,,,,,,,,0,,,0,0,0,0,0,0,,,0,,,,,0,,,,,0,,,,,0,,,,,None,,,,1,
LP,,,,B5,1000,Chert,,,Chip,,,,,,,,No,No,,,,,0,,0,0,0,0,0,0,0,0,0,0,,,,,,,,,,0,,,0,0,0,0,0,0,,,0,,,,,0,,,,,0,,,,,0,,,,,None,,,,2,
LP,,,,A5,549,Quartz,,Fine,Manuport,,,,100%,,Cobble,,No,No,,,,,0,,5.96,0,0,0,0,0,0,0,0,0.6,,,,,,,,,,0,,,0,0,0,0,0,0,,,0,,,,,0,,,,,0,,,,,0,,,,,None,,,,0,
LP,,,,B5,1233,Quartz,,Fine,Chip,,,,61-99%,,Cobble,,No,No,,,,,0,,0,0,0,0,0,0,0,0,0,0,,,,,,,,,,0,,,0,0,0,0,0,0,,,0,,,,,0,,,,,0,,,,,0,,,,,None,,,,0,
LP,,,,B4,125,Quartz,,RockCrystal,Blank,,,,0%,,,Plain,No,No,Parallel,Lenticular,Feather,Straight,2,Unidirectional,1.97,6.81,5.52,6.94,5.7,13.08,1.41,4.05,97.7,0,,,,,,,,,,0,,,0,0,0,0,0,0,,,0,,,,,0,,,,,0,,,,,0,,,,,None,,No,,0,
LP,,,,B4,125,Quartz,,Fine,Chip,,,,,,,,No,No,,,,,0,,0,0,0,0,0,0,0,0,0,0,,,,,,,,,,0,,,0,0,0,0,0,0,,,0,,,,,0,,,,,0,,,,,0,,,,,None,,,,5,
LP,,,,B4,125,Quartz,,Medium,Chip,,,,,,,,No,No,,,,,0,,0,0,0,0,0,0,0,0,0,0,,,,,,,,,,0,,,0,0,0,0,0,0,,,0,,,,,0,,,,,0,,,,,0,,,,,None,,,,1,
LP,,,,C4,225,Chert,,,BlankFrag,,,Proximal,0%,,,Plain,No,No,,Lenticular,,,0,,1.75,8.34,0,0,0,0,1.87,3.13,83.3,0,,,,,,,,,,0,,,0,0,0,0,0,0,,,0,,,,,0,,,,,0,,,,,0,,,,,None,,No,,0,
LP,,,,B4,132,Quartz,,RockCrystal,Blank,,,,0%,,,Plain,No,No,Parallel,Triangular,Step,Straight,2,Unidirectional,2.06,7,4.53,7,5.05,10.49,1.94,4.3,90.6,0,,,,,,,,,,0,,,0,0,0,0,0,0,,,0,,,,,0,,,,,0,,,,,0,,,,,None,,No,,0,
LP,,,,B5,1120,Quartz,,Fine,Manuport,,,,100%,,Cobble,,No,No,,,,,0,,2.98,0,0,0,0,0,0,0,0,1,,,,,,,,,,0,,,0,0,0,0,0,0,,,0,,,,,0,,,,,0,,,,,0,,,,,None,,,,0,
LP,,,,C4,221,Quartz,,Fine,Chip,,,,,,,,No,No,,,,,0,,0,0,0,0,0,0,0,0,0,0,,,,,,,,,,0,,,0,0,0,0,0,0,,,0,,,,,0,,,,,0,,,,,0,,,,,None,,,,1,
LP,,,,A5,768,Quartz,,Fine,Shatter,,,,1-30%,,Cobble,,No,No,,,,,0,,0,0,0,0,0,0,0,0,0,1.2,,,,,,,,,,0,,,0,0,0,0,0,0,,,0,,,,,0,,,,,0,,,,,0,,,,,None,,,,0,
LP,,,,A5,518,Quartz,,Fine,Chip,,,,,,,,No,No,,,,,0,,0,0,0,0,0,0,0,0,0,0,,,,,,,,,,0,,,0,0,0,0,0,0,,,0,,,,,0,,,,,0,,,,,0,,,,,None,,,,1,
LP,,,,A5,622,Quartz,,Fine,Chip,,,,,,,,No,No,,,,,0,,0,0,0,0,0,0,0,0,0,0,,,,,,,,,,0,,,0,0,0,0,0,0,,,0,,,,,0,,,,,0,,,,,0,,,,,None,,,,2,
LP,,,,B5,936,Quartz,,Fine,Chip,,,,,,,,No,No,,,,,0,,0,0,0,0,0,0,0,0,0,0,,,,,,,,,,0,,,0,0,0,0,0,0,,,0,,,,,0,,,,,0,,,,,0,,,,,None,,,,2,
LP,,,,B5,1120,Quartz,,Fine,Shatter,,,,61-99%,,Cobble,,No,No,,,,,0,,0,0,0,0,0,0,0,0,0,0.6,,,,,,,,,,0,,,0,0,0,0,0,0,,,0,,,,,0,,,,,0,,,,,0,,,,,None,,,,0,
LP,,,,B4,80,Quartz,,Fine,Chip,,,,,,,,No,No,,,,,0,,0,0,0,0,0,0,0,0,0,0,,,,,,,,,,0,,,0,0,0,0,0,0,,,0,,,,,0,,,,,0,,,,,0,,,,,None,,,,2,
LP,U,,,D7,3417,Chert,,,Blank,,,,0%,,,Plain,No,No,Parallel,Trapezoidal,Overshoot,Curved,5,Unidirectional,4.51,12.66,12.2,11.27,6.86,40.97,1.6,3.66,87.8,3.3,,,,,,,,,,0,,,0,0,0,0,0,0,,,0,,,,,0,,,,,0,,,,,0,,,,,Fire,Burned,Yes,,0,
LP,U,,,C7,1478,Chert,,,Blank,,,,0%,,,Plain,No,No,Irregular,Triangular,Hinge,Straight,4,Unidirectional,7.77,16.06,13.39,11.4,10.83,41.27,6.27,14.64,0,4.8,,,,,,,,,,0,,,0,0,0,0,0,0,,,0,,,,,0,,,,,0,,,,,0,,,,,None,,No,,0,
LP,U,,,YY11,1209,Other,,,Manuport,,,,100%,,Cobble,,No,No,,,,,0,,13.01,0,0,0,0,0,0,0,0,13.7,,,,,,,,,,0,,,0,0,0,0,0,0,,,0,,,,,0,,,,,0,,,,,0,,,,,Concretion,,,,0,
LP,U,,,D7,2312,Quartz,,RockCrystal,Blank,,,,0%,,,Faceted,No,No,Convergent,Irregular,Hinge,Straight,4,Unidirectional,11.51,19.18,14.84,18.16,8.56,24.7,8.4,13.17,106.5,5.1,,,,,,,,,,0,,,0,0,0,0,0,0,,,0,,,,,0,,,,,0,,,,,0,,,,,None,,Yes,,0,
LP,U,,,A7,412,Chert,,,Blank,,,,0%,,,Crushed,No,No,Parallel,Triangular,Feather,Straight,2,Unidirectional,4.92,14.46,7.39,14.25,5.34,51.64,2.45,5.4,97,2.8,,,,,,,,,,0,,,0,0,0,0,0,0,,,0,,,,,0,,,,,0,,,,,0,,,,,None,,Yes,,0,TVC?
LP,U,,,A10,431,Quartz,,Fine,Shatter,,,,0%,,,,No,No,,,,,0,,0,0,0,0,0,0,0,0,0,4,,,,,,,,,,0,,,0,0,0,0,0,0,,,0,,,,,0,,,,,0,,,,,0,,,,,None,,,,0,
LP,U,,,B9,320,Quartz,,Fine,Blank,,,,0%,,,Plain,No,No,Convergent,Other,Hinge,Curved,1,Unidirectional,8.79,24.66,24.66,18.86,13.09,27.9,6.09,12.79,118.5,7,,,,,,,,,,0,,,0,0,0,0,0,0,,,0,,,,,0,,,,,0,,,,,0,,,,,None,,No,,0,
LP,U,,,ZZ11,797,Other,,Fine,Blank,,,,0%,,Cobble,Crushed,No,No,Convergent,Triangular,Hinge,Straight,3,Unidirectional,11.81,43.1,16.56,38.81,8.14,76.03,4.7,14.22,101.4,33.2,,,,,,,,,,0,,,0,0,0,0,0,0,,,0,,,,,0,,,,,0,,,,,0,,,,,None,,No,,0,
LP,U,,,XX11,1643,Quartz,,Fine,Core,,,,31-60%,,Cobble,,No,No,,,,,0,,33.67,32.74,23.58,31.95,29.53,34.84,32.19,25.47,0,66.8,Other,Quadrangular,Two,Dihedral,Cortical,Cortical,Crushing,Crest,31-60%,1,,,18.98,17.07,27.56,29.12,28.62,97.6,Flakes,,0,,,,,0,,,,,0,,,,,0,,,,NoReason,None,,,,0,
LP,U,,,YY11,1253,Quartz,,Fine,Blank,,,,100%,,Cobble,Plain,YesComplete,No,Convergent,Other,Hinge,Straight,0,,17.46,25.96,25.81,22.11,11.47,36.39,15.73,26.48,100.6,19.2,,,,,,,,,,0,,,0,0,0,0,0,0,,,0,,,,,0,,,,,0,,,,,0,,,,,None,,No,,0,
LP,U,,,C8,368,Chert,,,Blank,,,,1-30%,LeftLateral,Indeterminate,Crushed,No,No,Divergent,Triangular,Step,Curved,5,Centripetal,10.12,28.91,13.52,22.88,28.72,32.41,4.02,10.66,0,9.2,,,,,,,,,,0,,,0,0,0,0,0,0,,,0,,,,,0,,,,,0,,,,,0,,,,,Fire,Burned,Yes,,0,
LP,U,,,A8,852,Quartz,,Fine,RetouchedPiece,,Blank,,0%,,,Plain,No,No,Parallel,Quadrangular,Hinge,Straight,3,Unidirectional,13.38,18.33,13.17,18.18,14.24,37.67,7.94,13.51,105.6,11.5,,,,,,,,,,0,,,0,0,0,0,0,0,,,0,,,,,0,,,,,0,,,,,0,,,,,None,,No,Splintered piece,0,
LP,U,,,ZZ11,918,Chert,,,Chip,,,,,,,,No,No,,,,,0,,0,0,0,0,0,0,0,0,0,0,,,,,,,,,,0,,,0,0,0,0,0,0,,,0,,,,,0,,,,,0,,,,,0,,,,,None,,,,1,
LP,U,,,C5,854,Quartz,,RockCrystal,Chip,,,,,,,,No,No,,,,,0,,0,0,0,0,0,0,0,0,0,0,,,,,,,,,,0,,,0,0,0,0,0,0,,,0,,,,,0,,,,,0,,,,,0,,,,,None,,,,1,
LP,U,,,B6,1116,Quartz,,Fine,Blank,,,,0%,,,Crushed,No,No,Parallel,Triangular,Feather,Twisted,2,Unidirectional,2.83,7.89,7.6,7.92,7.1,14.46,2.28,5.43,88.4,0,,,,,,,,,,0,,,0,0,0,0,0,0,,,0,,,,,0,,,,,0,,,,,0,,,,,None,,No,,0,
LP,U,,,A6,335,Chert,,,Blank,,,,0%,,,Plain,No,No,Parallel,Triangular,Feather,Straight,2,Unidirectional,1.35,4.83,4.29,5.06,2.8,22.61,1.51,4.66,91.9,0,,,,,,,,,,0,,,0,0,0,0,0,0,,,0,,,,,0,,,,,0,,,,,0,,,,,None,,Yes,,0,
LP,U,,,A7,412,Quartz,,RockCrystal,BlankFrag,,,Distal,0%,,,,No,No,,Triangular,Feather,,2,,1.12,4.8,0,0,0,0,0,0,0,0,,,,,,,,,,0,,,0,0,0,0,0,0,,,0,,,,,0,,,,,0,,,,,0,,,,,None,,No,,0,
LP,U,,,B6,1078,Quartz,,Fine,BlankFrag,,,Distal,0%,,,,No,No,,Triangular,Step,,2,,1.94,5.2,0,0,0,0,0,0,0,0,,,,,,,,,,0,,,0,0,0,0,0,0,,,0,,,,,0,,,,,0,,,,,0,,,,,None,,No,,0,
LP,U,,,B6,1078,Chert,,,Blank,,,,0%,,,Winged,No,No,Parallel,Triangular,Step,Straight,2,Unidirectional,1.92,6.54,5.66,6.39,5.76,11.26,1.73,5.4,0,0,,,,,,,,,,0,,,0,0,0,0,0,0,,,0,,,,,0,,,,,0,,,,,0,,,,,None,,No,,0,
LP,U,,,B6,1078,Quartz,,Fine,Chip,,,,,,,,No,No,,,,,0,,0,0,0,0,0,0,0,0,0,0,,,,,,,,,,0,,,0,0,0,0,0,0,,,0,,,,,0,,,,,0,,,,,0,,,,,None,,,,2,
LP,U,,,B6,1116,Chert,,,Blank,,,,0%,,,Crushed,No,No,Parallel,Triangular,Step,Straight,3,Unidirectional,3.17,8.29,6.43,6.98,7.09,19.68,2.44,6.41,132.8,0.5,,,,,,,,,,0,,,0,0,0,0,0,0,,,0,,,,,0,,,,,0,,,,,0,,,,,None,,No,,0,
LP,U,,,B6,1116,Quartz,,Fine,Chip,,,,,,,,No,No,,,,,0,,0,0,0,0,0,0,0,0,0,0,,,,,,,,,,0,,,0,0,0,0,0,0,,,0,,,,,0,,,,,0,,,,,0,,,,,None,,,,2,
LP,U,,,B6,11116,Chert,,,Chip,,,,,,,,No,No,,,,,0,,0,0,0,0,0,0,0,0,0,0,,,,,,,,,,0,,,0,0,0,0,0,0,,,0,,,,,0,,,,,0,,,,,0,,,,,None,,,,1,
LP,U,,,ZZ5,48,Chert,,,BlankFrag,,,Distal,0%,,,,No,No,,Triangular,Feather,,2,,1.53,5.07,0,0,0,0,0,0,0,0,,,,,,,,,,0,,,0,0,0,0,0,0,,,0,,,,,0,,,,,0,,,,,0,,,,,None,,No,,0,
LP,U,,,C7,890,Quartz,,Fine,Blank,,,,0%,,,Linear,No,No,Convergent,Triangular,Pointed,Curved,2,Unidirectional,2.18,9.18,5.66,8.53,3.02,18.77,1.38,3.97,93.3,0,,,,,,,,,,0,,,0,0,0,0,0,0,,,0,,,,,0,,,,,0,,,,,0,,,,,None,,No,,0,
LP,U,,,C7,894,Quartz,,Fine,Blank,,,,0%,,,Crushed,No,No,Parallel,Triangular,Feather,Straight,2,Unidirectional,1.88,7,4.91,7.07,6.04,13.49,1.35,4,0,0,,,,,,,,,,0,,,0,0,0,0,0,0,,,0,,,,,0,,,,,0,,,,,0,,,,,None,,Yes,,0,
LP,U,,,A5,159,Quartz,,Fine,BlankFrag,,,Distal,0%,,,,No,No,,Triangular,Feather,,2,,2.83,7.79,0,0,0,0,0,0,0,0,,,,,,,,,,0,,,0,0,0,0,0,0,,,0,,,,,0,,,,,0,,,,,0,,,,,None,,No,,0,
LP,U,,,A5,165,Chert,,,Blank,,,,0%,,,Dihedral,No,No,Irregular,Lenticular,Feather,Straight,1,Unidirectional,3.04,14.43,14.33,10.95,4.19,9.44,3.02,12.19,78.8,0,,,,,,,,,,0,,,0,0,0,0,0,0,,,0,,,,,0,,,,,0,,,,,0,,,,,None,,No,,0,
LP,U,,,A5,165,Quartz,,Fine,Chip,,,,,,,,No,No,,,,,0,,0,0,0,0,0,0,0,0,0,0,,,,,,,,,,0,,,0,0,0,0,0,0,,,0,,,,,0,,,,,0,,,,,0,,,,,None,,,,6,
LP,U,,,A5,169,Quartz,,Fine,Chip,,,,,,,,No,Yes,,,,,0,,0,0,0,0,0,0,0,0,0,0,,,,,,,,,,0,,,0,0,0,0,0,0,,,0,,,,,0,,,,,0,,,,,0,,,,,None,,,,3,
LP,U,,,A6,893,Other,,,Shatter,,,,0%,,,,No,No,,,,,0,,0,0,0,0,0,0,0,0,0,0.9,,,,,,,,,,0,,,0,0,0,0,0,0,,,0,,,,,0,,,,,0,,,,,0,,,,,None,,,,0,
LP,U,,,B6,1218,Quartz,,RockCrystal,Blank,,,,0%,,,Crushed,No,No,Parallel,Triangular,Feather,Straight,2,Unidirectional,1.44,5.47,4.66,5.23,3.55,11.97,1.17,4.88,100.2,0,,,,,,,,,,0,,,0,0,0,0,0,0,,,0,,,,,0,,,,,0,,,,,0,,,,,None,,No,,0,
LP,U,,,B6,1218,Quartz,,Fine,Chip,,,,,,,,No,No,,,,,0,,0,0,0,0,0,0,0,0,0,0,,,,,,,,,,0,,,0,0,0,0,0,0,,,0,,,,,0,,,,,0,,,,,0,,,,,None,,,,1,
LP,U,,,WW11,282,Quartz,,Fine,Chip,,,,,,,,No,No,,,,,0,,0,0,0,0,0,0,0,0,0,0,,,,,,,,,,0,,,0,0,0,0,0,0,,,0,,,,,0,,,,,0,,,,,0,,,,,None,,,,1,
LP,U,,,C5,877,Quartz,,Fine,Chip,,,,,,,,No,No,,,,,0,,0,0,0,0,0,0,0,0,0,0,,,,,,,,,,0,,,0,0,0,0,0,0,,,0,,,,,0,,,,,0,,,,,0,,,,,None,,,,4,
LP,U,,,C5,1220,Quartz,,RockCrystal,Chip,,,,,,,,No,No,,,,,0,,0,0,0,0,0,0,0,0,0,0,,,,,,,,,,0,,,0,0,0,0,0,0,,,0,,,,,0,,,,,0,,,,,0,,,,,None,,,,1,
LP,U,,,D6,3120,Chert,,,Shatter,,,,0%,,,,No,No,,,,,0,,0,0,0,0,0,0,0,0,0,1.7,,,,,,,,,,0,,,0,0,0,0,0,0,,,0,,,,,0,,,,,0,,,,,0,,,,,None,,,,0,
LP,U,,,D7,2366,Quartz,,RockCrystal,Blank,,,,0%,,,Plain,No,No,Convergent,Triangular,Pointed,Straight,3,Unidirectional,6.57,14.16,9.59,8.29,5.57,16.41,5.8,14.23,74.9,1.1,,,,,,,,,,0,,,0,0,0,0,0,0,,,0,,,,,0,,,,,0,,,,,0,,,,,None,,No,,0,
LP,U,,,WW11,334,Quartz,,Fine,Chip,,,,,,,,No,No,,,,,0,,0,0,0,0,0,0,0,0,0,0,,,,,,,,,,0,,,0,0,0,0,0,0,,,0,,,,,0,,,,,0,,,,,0,,,,,None,,,,1,
LP,U,,,WW11,416,Quartz,,Fine,BlankFrag,,,Distal,0%,,,,No,No,,Triangular,Feather,,3,,2.78,7.27,0,0,0,0,0,0,0,0.5,,,,,,,,,,0,,,0,0,0,0,0,0,,,0,,,,,0,,,,,0,,,,,0,,,,,None,,No,,0,
LP,U,,,G12,7,Quartz,,Fine,Blank,,,,0%,,,Plain,No,No,Divergent,Triangular,Step,Straight,2,Unidirectional,6.82,20.99,15.3,17.6,21.31,18.76,7.15,14.95,89.3,3.7,,,,,,,,,,0,,,0,0,0,0,0,0,,,0,,,,,0,,,,,0,,,,,0,,,,,None,,No,,0,
LP,U,,,YY12,1773,Chert,,,Blank,,,,0%,,,Plain,No,No,Parallel,Lenticular,Feather,Straight,3,Unidirectional,1.1,5.83,5.29,5.2,2.82,16.02,1.33,5.73,71,0,,,,,,,,,,0,,,0,0,0,0,0,0,,,0,,,,,0,,,,,0,,,,,0,,,,,None,,No,,0,
LP,U,,,B7,911,Quartz,,Fine,Blank,,,,0%,,,Crushed,No,No,Parallel,Lenticular,Feather,Straight,1,Unidirectional,3.34,8.63,4.44,7.76,5.89,19.98,1.88,4.36,94.3,0.5,,,,,,,,,,0,,,0,0,0,0,0,0,,,0,,,,,0,,,,,0,,,,,0,,,,,None,,No,,0,
LP,U,,,B7,911,Chert,,,Blank,,,,0%,,,Plain,No,No,Parallel,Triangular,Feather,Curved,2,Unidirectional,1.77,6.55,4.38,6.47,2.2,22.51,1.49,3.1,113.2,0,,,,,,,,,,0,,,0,0,0,0,0,0,,,0,,,,,0,,,,,0,,,,,0,,,,,None,,No,,0,
LP,U1,,,F6,,Quartz,,Fine,BlankFrag,,,Distal,0%,,,,No,No,,Other,Feather,,2,,2.66,13.64,0,0,0,0,0,0,0,0,,,,,,,,,,0,,,0,0,0,0,0,0,,,0,,,,,0,,,,,0,,,,,0,,,,,None,,No,,0,
LP,U1,,,F7,U2,Quartz,,Fine,Chip,,,,,,,,No,No,,,,,0,,0,0,0,0,0,0,0,0,0,0,,,,,,,,,,0,,,0,0,0,0,0,0,,,0,,,,,0,,,,,0,,,,,0,,,,,None,,,,1,
LP,U,,,F6,U2,Quartz,,Fine,Chip,,,,,,,,No,No,,,,,0,,0,0,0,0,0,0,0,0,0,0,,,,,,,,,,0,,,0,0,0,0,0,0,,,0,,,,,0,,,,,0,,,,,0,,,,,None,,,,1,
LP,U,,,F8,U1,Quartz,,Fine,Chip,,,,,,,,No,No,,,,,0,,0,0,0,0,0,0,0,0,0,0,,,,,,,,,,0,,,0,0,0,0,0,0,,,0,,,,,0,,,,,0,,,,,0,,,,,None,,,,1,
LP,U,,,F7,U2,Quartz,,Fine,Chip,,,,,,,,No,Yes,,,,,0,,0,0,0,0,0,0,0,0,0,0,,,,,,,,,,0,,,0,0,0,0,0,0,,,0,,,,,0,,,,,0,,,,,0,,,,,None,,,,9,
LP,U,,,F7,U2,Quartz,,RockCrystal,Chip,,,,,,,,No,Yes,,,,,0,,0,0,0,0,0,0,0,0,0,0,,,,,,,,,,0,,,0,0,0,0,0,0,,,0,,,,,0,,,,,0,,,,,0,,,,,None,,,,1,
LP,U,,,YY12,1147,Quartz,,Fine,Chip,,,,,,,,No,Yes,,,,,0,,0,0,0,0,0,0,0,0,0,0,,,,,,,,,,0,,,0,0,0,0,0,0,,,0,,,,,0,,,,,0,,,,,0,,,,,None,,,,1,
LP,U,,,B7,1245,Chert,,,Blank,,,,0%,,,Plain,No,No,Parallel,Triangular,Feather,Straight,2,Unidirectional,0.6,3.22,3.06,3.25,2.09,6.82,0.92,2.94,0,0,,,,,,,,,,0,,,0,0,0,0,0,0,,,0,,,,,0,,,,,0,,,,,0,,,,,None,,No,,0,
LP,U,,,A5,173,Quartz,,Fine,Blank,,,,0%,,,Crushed,No,No,Parallel,Triangular,Step,Straight,2,Unidirectional,2.43,6.86,4.86,6.88,4.39,13.9,1.61,4.78,92.6,0,,,,,,,,,,0,,,0,0,0,0,0,0,,,0,,,,,0,,,,,0,,,,,0,,,,,None,,No,,0,
LP,U,,,A6,479,Quartz,,Fine,Chip,,,,,,,,No,Yes,,,,,0,,0,0,0,0,0,0,0,0,0,0,,,,,,,,,,0,,,0,0,0,0,0,0,,,0,,,,,0,,,,,0,,,,,0,,,,,None,,,,1,
LP,U,,,A6,479,Quartz,,Fine,Blank,,,,0%,,,Plain,No,No,Parallel,Triangular,Step,Twisted,3,Unidirectional,1.21,3.96,3.05,3.72,2.43,7.09,0.95,2.42,111.8,0,,,,,,,,,,0,,,0,0,0,0,0,0,,,0,,,,,0,,,,,0,,,,,0,,,,,None,,No,,0,
LP,U,,,B5,904,Chert,,,Chip,,,,,,,,No,No,,,,,0,,0,0,0,0,0,0,0,0,0,0,,,,,,,,,,0,,,0,0,0,0,0,0,,,0,,,,,0,,,,,0,,,,,0,,,,,None,,,,2,
LP,U,,,B5,904,Quartz,,Fine,Chip,,,,,,,,No,No,,,,,0,,0,0,0,0,0,0,0,0,0,0,,,,,,,,,,0,,,0,0,0,0,0,0,,,0,,,,,0,,,,,0,,,,,0,,,,,None,,,,2,
LP,U,,,A7,438,Quartz,,RockCrystal,Chip,,,,,,,,No,Yes,,,,,0,,0,0,0,0,0,0,0,0,0,0,,,,,,,,,,0,,,0,0,0,0,0,0,,,0,,,,,0,,,,,0,,,,,0,,,,,None,,,,1,
LP,U,,,XX11,1567,Chert,,,Blank,,,,0%,,,Plain,No,No,Convergent,Lenticular,Feather,Curved,4,Unidirectional,1.34,8.38,5.49,7.96,2.86,17.18,0.84,1.7,116.8,0,,,,,,,,,,0,,,0,0,0,0,0,0,,,0,,,,,0,,,,,0,,,,,0,,,,,None,,No,,0,
LP,U,,,ZZ5,48,Chert,,,Chip,,,,,,,,No,No,,,,,0,,0,0,0,0,0,0,0,0,0,0,,,,,,,,,,0,,,0,0,0,0,0,0,,,0,,,,,0,,,,,0,,,,,0,,,,,None,,,,1,
LP,U,,,B6,1235,Quartz,,Fine,Chip,,,,,,,,No,No,,,,,0,,0,0,0,0,0,0,0,0,0,0,,,,,,,,,,0,,,0,0,0,0,0,0,,,0,,,,,0,,,,,0,,,,,0,,,,,None,,,,1,
LP,U,,,B6,1078,Chert,,,Chip,,,,,,,,No,Yes,,,,,0,,0,0,0,0,0,0,0,0,0,0,,,,,,,,,,0,,,0,0,0,0,0,0,,,0,,,,,0,,,,,0,,,,,0,,,,,None,,,,1,
LP,U,,,B6,1116,Quartz,,Fine,Chip,,,,,,,,No,Yes,,,,,0,,0,0,0,0,0,0,0,0,0,0,,,,,,,,,,0,,,0,0,0,0,0,0,,,0,,,,,0,,,,,0,,,,,0,,,,,None,,,,1,
LP,U,,,B7,854,Chert,,,Chip,,,,,,,,No,Yes,,,,,0,,0,0,0,0,0,0,0,0,0,0,,,,,,,,,,0,,,0,0,0,0,0,0,,,0,,,,,0,,,,,0,,,,,0,,,,,None,,,,1,
LP,U,,,B6,1218,Chert,,,Chip,,,,,,,,No,Yes,,,,,0,,0,0,0,0,0,0,0,0,0,0,,,,,,,,,,0,,,0,0,0,0,0,0,,,0,,,,,0,,,,,0,,,,,0,,,,,None,,,,1,
LP,U,,,B6,1218,Quartz,,RockCrystal,Chip,,,,,,,,No,Yes,,,,,0,,0,0,0,0,0,0,0,0,0,0,,,,,,,,,,0,,,0,0,0,0,0,0,,,0,,,,,0,,,,,0,,,,,0,,,,,None,,,,1,
LP,U,,,B6,1218,Quartz,,Fine,Chip,,,,,,,,No,No,,,,,0,,0,0,0,0,0,0,0,0,0,0,,,,,,,,,,0,,,0,0,0,0,0,0,,,0,,,,,0,,,,,0,,,,,0,,,,,None,,,,2,
LP,U,,,A7,447,Quartz,,Fine,Chip,,,,,,,,No,Yes,,,,,0,,0,0,0,0,0,0,0,0,0,0,,,,,,,,,,0,,,0,0,0,0,0,0,,,0,,,,,0,,,,,0,,,,,0,,,,,None,,,,1,
LP,U,,,B6,1145,Chert,,,BlankFrag,,,Proximal,0%,,,Plain,No,No,,Triangular,,,2,,1.24,7.25,0,0,0,0,1.51,2.85,87.6,0,,,,,,,,,,0,,,0,0,0,0,0,0,,,0,,,,,0,,,,,0,,,,,0,,,,,None,,No,,0,
LP,U,,,A6,335,Quartz,,Fine,Chip,,,,,,,,No,Yes,,,,,0,,0,0,0,0,0,0,0,0,0,0,,,,,,,,,,0,,,0,0,0,0,0,0,,,0,,,,,0,,,,,0,,,,,0,,,,,None,,,,1,
LP,U,,,A5,169,Quartz,,RockCrystal,BlankFrag,,,Proximal,0%,,,Plain,No,No,,Triangular,,,2,,2.47,7.14,0,0,0,0,3.4,6.5,112.6,0,,,,,,,,,,0,,,0,0,0,0,0,0,,,0,,,,,0,,,,,0,,,,,0,,,,,None,,No,,0,
LP,U,,,B5,876,Quartz,,Fine,BlankFrag,,,Proximal,0%,,,Crushed,No,No,,Lenticular,,,2,,1.83,7.47,0,0,0,0,1.81,4.53,0,0,,,,,,,,,,0,,,0,0,0,0,0,0,,,0,,,,,0,,,,,0,,,,,0,,,,,None,,No,,0,
LP,U,,,B7,854,Quartz,,RockCrystal,BlankFrag,,,Distal,0%,,,,No,No,,Triangular,Feather,,3,,2.02,8.69,0,0,0,0,0,0,0,0,,,,,,,,,,0,,,0,0,0,0,0,0,,,0,,,,,0,,,,,0,,,,,0,,,,,None,,No,,0,
LP,U,,,B7,911,Quartz,,Fine,Chip,,,,,,,,No,Yes,,,,,0,,0,0,0,0,0,0,0,0,0,0,,,,,,,,,,0,,,0,0,0,0,0,0,,,0,,,,,0,,,,,0,,,,,0,,,,,None,,,,1,
LP,U,,,B7,911,Quartz,,RockCrystal,Blank,,,,0%,,,Crushed,No,No,Parallel,Triangular,Step,Straight,2,Unidirectional,1.86,7.27,2.62,7.12,2.53,11.72,1.71,4.37,98.7,0,,,,,,,,,,0,,,0,0,0,0,0,0,,,0,,,,,0,,,,,0,,,,,0,,,,,None,,Yes,,0,
LP,U,,,A5,169,Quartz,,Fine,Chip,,,,,,,,No,Yes,,,,,0,,0,0,0,0,0,0,0,0,0,0,,,,,,,,,,0,,,0,0,0,0,0,0,,,0,,,,,0,,,,,0,,,,,0,,,,,None,,,,1,
LP,U,,,B5,897,Quartz,,Fine,Chip,,,,,,,,No,Yes,,,,,0,,0,0,0,0,0,0,0,0,0,0,,,,,,,,,,0,,,0,0,0,0,0,0,,,0,,,,,0,,,,,0,,,,,0,,,,,None,,,,1,
LP,U,,,A7,482,Quartz,,Fine,Chip,,,,,,,,No,No,,,,,0,,0,0,0,0,0,0,0,0,0,0,,,,,,,,,,0,,,0,0,0,0,0,0,,,0,,,,,0,,,,,0,,,,,0,,,,,None,,,,2,
LP,U,,,A6,479,Quartz,,Fine,Chip,,,,,,,,No,No,,,,,0,,0,0,0,0,0,0,0,0,0,0,,,,,,,,,,0,,,0,0,0,0,0,0,,,0,,,,,0,,,,,0,,,,,0,,,,,None,,,,1,
LP,U,,,ZZ8,554,Other,,,Shatter,,,,61-99%,,Indeterminate,,No,No,,,,,0,,0,0,0,0,0,0,0,0,0,0,,,,,,,,,,0,,,0,0,0,0,0,0,,,0,,,,,0,,,,,0,,,,,0,,,,,None,,,,0,
LP,U,,,ZZ8,554,Quartz,,Fine,Blank,,,,0%,,,Plain,No,No,Parallel,Triangular,Feather,Curved,2,Unidirectional,1.56,3.87,3.32,3.9,3.32,9.94,1.13,3.8,0,0,,,,,,,,,,0,,,0,0,0,0,0,0,,,0,,,,,0,,,,,0,,,,,0,,,,,None,,No,,0,
LP,U,,,ZZ8,554,Quartz,,Fine,BlankFrag,,,Distal,0%,,,,No,No,,Lenticular,Feather,,2,,1.55,7.44,0,0,0,0,0,0,0,0,,,,,,,,,,0,,,0,0,0,0,0,0,,,0,,,,,0,,,,,0,,,,,0,,,,,None,,No,,0,
LP,U,,,A6,492,Other,,,Chip,,,,,,,,No,Yes,,,,,0,,0,0,0,0,0,0,0,0,0,0,,,,,,,,,,0,,,0,0,0,0,0,0,,,0,,,,,0,,,,,0,,,,,0,,,,,None,,,,1,
LP,U,,,A6,463,Quartz,,Fine,BlankFrag,,,Distal,0%,,,,No,No,,Triangular,Hinge,,2,,4.43,11.28,0,0,0,0,0,0,0,0.5,,,,,,,,,,0,,,0,0,0,0,0,0,,,0,,,,,0,,,,,0,,,,,0,,,,,None,,No,,0,
LP,U,,,A5,206,Quartz,,Fine,Chip,,,,,,,,No,Yes,,,,,0,,0,0,0,0,0,0,0,0,0,0,,,,,,,,,,0,,,0,0,0,0,0,0,,,0,,,,,0,,,,,0,,,,,0,,,,,None,,,,1,
LP,U,,,A6,335,Other,,,Chip,,,,,,,,No,Yes,,,,,0,,0,0,0,0,0,0,0,0,0,0,,,,,,,,,,0,,,0,0,0,0,0,0,,,0,,,,,0,,,,,0,,,,,0,,,,,None,,,,1,
LP,U,,,A6,335,Quartz,,Fine,Chip,,,,,,,,No,Yes,,,,,0,,0,0,0,0,0,0,0,0,0,0,,,,,,,,,,0,,,0,0,0,0,0,0,,,0,,,,,0,,,,,0,,,,,0,,,,,None,,,,1,
LP,U,,,A5,159,Quartz,,RockCrystal,BlankFrag,,,Distal,0%,,,,No,No,,Irregular,Feather,,3,,1.65,8.43,0,0,0,0,0,0,0,0,,,,,,,,,,0,,,0,0,0,0,0,0,,,0,,,,,0,,,,,0,,,,,0,,,,,None,,No,,0,
LP,U,,,A5,159,Quartz,,Fine,Chip,,,,,,,,No,Yes,,,,,0,,0,0,0,0,0,0,0,0,0,0,,,,,,,,,,0,,,0,0,0,0,0,0,,,0,,,,,0,,,,,0,,,,,0,,,,,None,,,,1,
LP,U,,,A5,180,Quartz,,Fine,Shatter,,,,0%,,,,No,No,,,,,0,,0,0,0,0,0,0,0,0,0,1.4,,,,,,,,,,0,,,0,0,0,0,0,0,,,0,,,,,0,,,,,0,,,,,0,,,,,Concretion,,,,0,
LP,U,,,A5,204,Chert,,,Chip,,,,,,,,No,Yes,,,,,0,,0,0,0,0,0,0,0,0,0,0,,,,,,,,,,0,,,0,0,0,0,0,0,,,0,,,,,0,,,,,0,,,,,0,,,,,None,,,,1,
LP,U,,,A5,204,Quartz,,Fine,Chip,,,,,,,,No,Yes,,,,,0,,0,0,0,0,0,0,0,0,0,0,,,,,,,,,,0,,,0,0,0,0,0,0,,,0,,,,,0,,,,,0,,,,,0,,,,,None,,,,1,
LP,U,,,A5,204,Quartz,,Medium,Chip,,,,,,,,No,Yes,,,,,0,,0,0,0,0,0,0,0,0,0,0,,,,,,,,,,0,,,0,0,0,0,0,0,,,0,,,,,0,,,,,0,,,,,0,,,,,None,,,,1,
LP,U,,,A5,204,Quartz,,RockCrystal,BlankFrag,,,Proximal,0%,,,Plain,No,No,,Other,,,0,,2.52,10.94,0,0,0,0,2.68,8.8,95.7,0.4,,,,,,,,,,0,,,0,0,0,0,0,0,,,0,,,,,0,,,,,0,,,,,0,,,,,None,,No,,0,
LP,U,,,B10,133,Quartz,,RockCrystal,Blank,,,,0%,,,Plain,No,No,Irregular,Irregular,Hinge,Curved,1,Unidirectional,6.01,14.11,11.45,14.29,2.11,10.68,5.31,10.8,98.9,1.2,,,,,,,,,,0,,,0,0,0,0,0,0,,,0,,,,,0,,,,,0,,,,,0,,,,,None,,No,,0,
LP,U,,,C5,1136,Quartz,,Fine,Chip,,,,,,,,No,Yes,,,,,0,,0,0,0,0,0,0,0,0,0,0,,,,,,,,,,0,,,0,0,0,0,0,0,,,0,,,,,0,,,,,0,,,,,0,,,,,None,,,,1,
LP,U,,,C5,827,Quartz,,Fine,Shatter,,,,0%,,,,No,No,,,,,0,,0,0,0,0,0,0,0,0,0,0,,,,,,,,,,0,,,0,0,0,0,0,0,,,0,,,,,0,,,,,0,,,,,0,,,,,None,,,,0,
LP,U,,,D5,565,Chert,,,Blank,,,,0%,,,Plain,No,No,Parallel,Triangular,Feather,Straight,2,Unidirectional,0.83,3.34,3.52,3.35,2.47,12.63,0.84,3.09,96.7,0,,,,,,,,,,0,,,0,0,0,0,0,0,,,0,,,,,0,,,,,0,,,,,0,,,,,None,,No,,0,
LP,U,,,C7,966,Chert,,,Blank,,,,0%,,,Dihedral,No,No,Divergent,Trapezoidal,Pointed,Straight,4,Unidirectional,3.48,14.55,7.36,12.72,2.41,24.68,2.53,7.21,95.1,1.5,,,,,,,,,,0,,,0,0,0,0,0,0,,,0,,,,,0,,,,,0,,,,,0,,,,,Fire,Burned,Yes,,0,
LP,T7,,,B7,1213,Quartz,,RockCrystal,Blank,,,,0%,,,Plain,No,No,Parallel,Triangular,Feather,Straight,2,Unidirectional,1.35,3.77,3.37,3.81,3.05,11.73,1.07,3.56,100.6,0,,,,,,,,,,0,,,0,0,0,0,0,0,,,0,,,,,0,,,,,0,,,,,0,,,,,None,,No,,0,
LP,T,,,YY12,1209,Quartz,,RockCrystal,Chip,,,,0%,,,,No,Yes,,,,,0,,0,0,0,0,0,0,0,0,0,0,,,,,,,,,,0,,,0,0,0,0,0,0,,,0,,,,,0,,,,,0,,,,,0,,,,,None,,,,1,
LP,T,,,ZZ8,466,Chert,RM7,,Blank,,,,0%,,,Plain,No,No,Parallel,Triangular,Feather,Curved,2,Unidirectional,1.77,7.26,5.96,7.25,5.24,15.27,1.78,6.08,88.3,0,,,,,,,,,,0,,,0,0,0,0,0,0,,,0,,,,,0,,,,,0,,,,,0,,,,,None,,No,,0,
LP,T,,,B6,1068,Quartz,,Fine,Chip,,,,,,,,No,Yes,,,,,0,,0,0,0,0,0,0,0,0,0,0,,,,,,,,,,0,,,0,0,0,0,0,0,,,0,,,,,0,,,,,0,,,,,0,,,,,None,,,,3,
LP,T,,,B6,1068,Quartz,,RockCrystal,Chip,,,,,,,,No,No,,,,,0,,0,0,0,0,0,0,0,0,0,0,,,,,,,,,,0,,,0,0,0,0,0,0,,,0,,,,,0,,,,,0,,,,,0,,,,,None,,,,3,
LP,T,,,B6,1068,Quartz,,RockCrystal,Blank,,,,0%,,,Crushed,No,No,Parallel,Triangular,Feather,Straight,2,Unidirectional,2.02,5.93,5.15,5.98,5.77,13.7,1.4,4.63,0,0,,,,,,,,,,0,,,0,0,0,0,0,0,,,0,,,,,0,,,,,0,,,,,0,,,,,None,,No,,0,
LP,T,,,B6,1068,Quartz,,RockCrystal,Blank,,,,0%,,,Plain,No,No,Convergent,Triangular,Hinge,Curved,2,Unidirectional,2.34,6.35,6.34,6.36,2.72,10.66,1.7,6.2,94.3,0,,,,,,,,,,0,,,0,0,0,0,0,0,,,0,,,,,0,,,,,0,,,,,0,,,,,None,,No,,0,
LP,,,,,,Quartz,,Fine,Chip,,,,,,,,No,Yes,,,,,0,,0,0,0,0,0,0,0,0,0,0,,,,,,,,,,0,,,0,0,0,0,0,0,,,0,,,,,0,,,,,0,,,,,0,,,,,None,,,,1,
LP,,,,,,Quartz,,RockCrystal,Chip,,,,,,,,No,Yes,,,,,0,,0,0,0,0,0,0,0,0,0,0,,,,,,,,,,0,,,0,0,0,0,0,0,,,0,,,,,0,,,,,0,,,,,0,,,,,None,,,,2,
LP,,,,,,Quartz,,RockCrystal,BlankFrag,,,Proximal,0%,,,Crushed,No,No,,Triangular,,,2,,4.16,8.79,0,0,0,0,2.06,8.34,0,0,,,,,,,,,,0,,,0,0,0,0,0,0,,,0,,,,,0,,,,,0,,,,,0,,,,,None,,No,,0,
LP,T,,,A7,340,Quartz,,RockCrystal,Chip,,,,,,,,No,Yes,,,,,0,,0,0,0,0,0,0,0,0,0,0,,,,,,,,,,0,,,0,0,0,0,0,0,,,0,,,,,0,,,,,0,,,,,0,,,,,None,,,,2,
LP,T,,,A7,340,Chert,,,Chip,,,,,,,,No,No,,,,,0,,0,0,0,0,0,0,0,0,0,0,,,,,,,,,,0,,,0,0,0,0,0,0,,,0,,,,,0,,,,,0,,,,,0,,,,,None,,,,1,
LP,T,,,A7,340,Quartz,,RockCrystal,Blank,,,,0%,,,Plain,No,No,Convergent,Triangular,Feather,Curved,2,Unidirectional,1.96,9.37,5.78,9.21,4.78,14.81,2.09,6.47,83.4,0,,,,,,,,,,0,,,0,0,0,0,0,0,,,0,,,,,0,,,,,0,,,,,0,,,,,None,,No,,0,
LP,T,,,XX12,388,Quartz,,Fine,Chip,,,,,,,,No,Yes,,,,,0,,0,0,0,0,0,0,0,0,0,0,,,,,,,,,,0,,,0,0,0,0,0,0,,,0,,,,,0,,,,,0,,,,,0,,,,,None,,,,1,
LP,T,,,A8,814,Quartz,,RockCrystal,Shatter,,,,0%,,,,No,Yes,,,,,0,,0,0,0,0,0,0,0,0,0,0,,,,,,,,,,0,,,0,0,0,0,0,0,,,0,,,,,0,,,,,0,,,,,0,,,,,None,,,,0,
LP,T,,,YY12,1153,Chert,,,Blank,,,Distal,0%,,,Plain,No,No,Convergent,Triangular,Pointed,Straight,2,Unidirectional,0.81,5.65,5.39,4.4,1.37,17.51,1.09,5.64,0,0,,,,,,,,,,0,,,0,0,0,0,0,0,,,0,,,,,0,,,,,0,,,,,0,,,,,None,,No,,0,
LP,T,,,B6,1068,Quartz,,Fine,Chip,,,,,,,,No,Yes,,,,,0,,0,0,0,0,0,0,0,0,0,0,,,,,,,,,,0,,,0,0,0,0,0,0,,,0,,,,,0,,,,,0,,,,,0,,,,,None,,,,2,
LP,T,,,B6,1068,Quartz,,RockCrystal,Blank,,,,0%,,,Plain,No,No,Parallel,Triangular,Step,Straight,2,Unidirectional,1.98,6.02,5.2,6.03,6.42,10.36,1.56,5.37,90.7,0,,,,,,,,,,0,,,0,0,0,0,0,0,,,0,,,,,0,,,,,0,,,,,0,,,,,None,,No,,0,
LP,T,,,B6,1068,Quartz,,RockCrystal,Blank,,,,0%,,,Linear,No,No,Convergent,Lenticular,Feather,Straight,2,Unidirectional,1.09,5.53,4.05,5.44,3.07,10.89,0.68,4.03,0,0,,,,,,,,,,0,,,0,0,0,0,0,0,,,0,,,,,0,,,,,0,,,,,0,,,,,None,,No,,0,
LP,T,,,B6,1068,Quartz,,Fine,Blank,,,,0%,,,Crushed,No,No,Parallel,Triangular,Feather,Straight,2,Unidirectional,1.69,11.3,7.46,9.7,11.37,14.97,2.11,6.58,93.9,0.4,,,,,,,,,,0,,,0,0,0,0,0,0,,,0,,,,,0,,,,,0,,,,,0,,,,,None,,No,,0,
LP,T,,,B6,1068,Quartz,,Fine,BlankFrag,,,Proximal,0%,,,Plain,No,No,,Triangular,,,2,,2.52,10.15,0,0,0,0,2.74,7.42,76.9,0.4,,,,,,,,,,0,,,0,0,0,0,0,0,,,0,,,,,0,,,,,0,,,,,0,,,,,None,,No,,0,
LP,T6,,,B7,684,Quartz,,RockCrystal,Blank,,,,0%,,,Plain,No,No,Parallel,Triangular,Hinge,Straight,3,Unidirectional,2.55,10.1,8.01,9.75,9.22,23.02,2.48,7.53,88.6,0.7,,,,,,,,,,0,,,0,0,0,0,0,0,,,0,,,,,0,,,,,0,,,,,0,,,,,None,,Yes,,0,
LP,T6,,,A7,304,Quartz,,Fine,BlankFrag,,,Distal,0%,,,,No,No,,Lenticular,Feather,,0,,1.81,5.76,0,0,0,0,0,0,0,0,,,,,,,,,,0,,,0,0,0,0,0,0,,,0,,,,,0,,,,,0,,,,,0,,,,,None,,No,,0,
LP,T6,,,A7,304,Quartz,,Fine,Chip,,,,,,,,No,Yes,,,,,0,,0,0,0,0,0,0,0,0,0,0,,,,,,,,,,0,,,0,0,0,0,0,0,,,0,,,,,0,,,,,0,,,,,0,,,,,None,,,,1,
LP,T6,,,B6,1055,Quartz,,Fine,Chip,,,,,,,,No,Yes,,,,,0,,0,0,0,0,0,0,0,0,0,0,,,,,,,,,,0,,,0,0,0,0,0,0,,,0,,,,,0,,,,,0,,,,,0,,,,,None,,,,6,
LP,T6,,,A6,242,Chert,,,BlankFrag,,,Proximal,0%,,,Plain,No,No,,Triangular,,,3,,1.3,6.11,0,0,0,0,0.98,3.25,91.9,0,,,,,,,,,,0,,,0,0,0,0,0,0,,,0,,,,,0,,,,,0,,,,,0,,,,,None,,No,,0,
LP,T6,,,A6,242,Quartz,,Fine,Chip,,,,,,,,No,Yes,,,,,0,,0,0,0,0,0,0,0,0,0,0,,,,,,,,,,0,,,0,0,0,0,0,0,,,0,,,,,0,,,,,0,,,,,0,,,,,None,,,,1,
LP,T6,,,B6,1055,Chert,,,Blank,,,,0%,,,Crushed,No,No,Parallel,Trapezoidal,Feather,Straight,3,Unidirectional,1.25,5.02,4.42,4.66,2.35,20.23,1.84,4.46,0,0,,,,,,,,,,0,,,0,0,0,0,0,0,,,0,,,,,0,,,,,0,,,,,0,,,,,None,,No,,0,
LP,T6,,,B6,1055,Quartz,,Fine,BlankFrag,,,Proximal,0%,,,Crushed,No,No,,Triangular,,,2,,2.38,9.64,0,0,0,0,2.5,4.51,86.1,0,,,,,,,,,,0,,,0,0,0,0,0,0,,,0,,,,,0,,,,,0,,,,,0,,,,,None,,No,,0,
LP,T6,,,B6,1055,Quartz,,RockCrystal,BlankFrag,,,Proximal,0%,,,Plain,No,No,,Triangular,,,2,,1.9,5.09,0,0,0,0,1.58,4.73,0,0,,,,,,,,,,0,,,0,0,0,0,0,0,,,0,,,,,0,,,,,0,,,,,0,,,,,None,,No,,0,
LP,T6,,,B6,1055,Quartz,,Fine,Chip,,,,,,,,No,No,,,,,0,,0,0,0,0,0,0,0,0,0,0,,,,,,,,,,0,,,0,0,0,0,0,0,,,0,,,,,0,,,,,0,,,,,0,,,,,None,,,,1,
LP,T6,,,A6,266,Quartz,,RockCrystal,BlankFrag,,,Proximal,0%,,,Crushed,No,No,,Triangular,,,2,,1.6,6.25,0,0,0,0,1.83,1.77,0,0,,,,,,,,,,0,,,0,0,0,0,0,0,,,0,,,,,0,,,,,0,,,,,0,,,,,None,,No,,0,
LP,T6,,,B8,542,Quartz,,Fine,Blank,,,,0%,,,Crushed,No,No,Convergent,Triangular,Feather,Straight,2,Unidirectional,2.36,8.5,8.37,7.55,4.9,19.01,2.14,6.87,0,0.5,,,,,,,,,,0,,,0,0,0,0,0,0,,,0,,,,,0,,,,,0,,,,,0,,,,,None,,No,,0,
LP,T6,,,A6,242,Quartz,,RockCrystal,Chip,,,,,,,,No,Yes,,,,,0,,0,0,0,0,0,0,0,0,0,0,,,,,,,,,,0,,,0,0,0,0,0,0,,,0,,,,,0,,,,,0,,,,,0,,,,,None,,,,3,
LP,T6,,,A6,242,Quartz,,RockCrystal,BlankFrag,,,Distal,0%,,,,No,No,,Triangular,Feather,,2,,1.16,5.11,0,0,0,0,0,0,0,0,,,,,,,,,,0,,,0,0,0,0,0,0,,,0,,,,,0,,,,,0,,,,,0,,,,,None,,No,,0,
LP,T6,,,A6,242,Quartz,,RockCrystal,BlankFrag,,,Distal,0%,,,,No,No,,Triangular,Pointed,,2,,2.85,7.29,0,0,0,0,0,0,0,0,,,,,,,,,,0,,,0,0,0,0,0,0,,,0,,,,,0,,,,,0,,,,,0,,,,,None,,No,,0,
LP,T6,,,A6,242,Quartz,,RockCrystal,Blank,,,,0%,,,Plain,No,No,Parallel,Lenticular,Step,Straight,2,Unidirectional,1.32,3.33,3.34,3.33,3.34,7.73,1.15,3.02,0,0,,,,,,,,,,0,,,0,0,0,0,0,0,,,0,,,,,0,,,,,0,,,,,0,,,,,None,,No,,0,
LP,T6,,,A7,310,Quartz,,RockCrystal,Chip,,,,,,,,No,No,,,,,0,,0,0,0,0,0,0,0,0,0,0,,,,,,,,,,0,,,0,0,0,0,0,0,,,0,,,,,0,,,,,0,,,,,0,,,,,None,,,,0,
LP,T6,,,B6,1055,Quartz,,Fine,Chip,,,,,,,,No,Yes,,,,,0,,0,0,0,0,0,0,0,0,0,0,,,,,,,,,,0,,,0,0,0,0,0,0,,,0,,,,,0,,,,,0,,,,,0,,,,,None,,,,1,
LP,T6,,,B6,1055,Quartz,,Fine,Blank,,,,0%,,,Crushed,No,No,Parallel,Triangular,Feather,Curved,2,Unidirectional,1.69,4.68,4.69,4.54,3.59,9,2.14,4.07,102.2,0,,,,,,,,,,0,,,0,0,0,0,0,0,,,0,,,,,0,,,,,0,,,,,0,,,,,None,,No,,0,
LP,T6,,,A6,241,Quartz,,Fine,Chip,,,,,,,,No,Yes,,,,,0,,0,0,0,0,0,0,0,0,0,0,,,,,,,,,,0,,,0,0,0,0,0,0,,,0,,,,,0,,,,,0,,,,,0,,,,,None,,,,1,
LP,T6,,,A6,242,Quartz,,RockCrystal,BlankFrag,,,Other,0%,,,,No,No,,Triangular,,,2,,1.71,6.62,0,0,0,0,0,0,0,0,,,,,,,,,,0,,,0,0,0,0,0,0,,,0,,,,,0,,,,,0,,,,,0,,,,,None,,No,,0,
LP,T6,,,A6,239,Quartz,,Fine,BlankFrag,,,Proximal,0%,,,Plain,No,No,,Lenticular,,,0,,2.61,9.54,0,0,0,0,1.45,3.77,90.3,0.4,,,,,,,,,,0,,,0,0,0,0,0,0,,,0,,,,,0,,,,,0,,,,,0,,,,,None,,No,,0,
LP,T6,,,A7,304,Chert,,,Chip,,,,,,,,No,No,,,,,0,,0,0,0,0,0,0,0,0,0,0,,,,,,,,,,0,,,0,0,0,0,0,0,,,0,,,,,0,,,,,0,,,,,0,,,,,None,,,,1,
LP,T6,,,A7,304,Quartz,,RockCrystal,Chip,,,,,,,,No,No,,,,,0,,0,0,0,0,0,0,0,0,0,0,,,,,,,,,,0,,,0,0,0,0,0,0,,,0,,,,,0,,,,,0,,,,,0,,,,,None,,,,1,
LP,T6,,,A7,304,Quartz,,RockCrystal,Blank,,,,0%,,,Crushed,No,No,Convergent,Triangular,Feather,Curved,2,Unidirectional,1.95,5.92,5.92,5.26,3.68,11.72,1.57,5.69,68.7,0,,,,,,,,,,0,,,0,0,0,0,0,0,,,0,,,,,0,,,,,0,,,,,0,,,,,None,,No,,0,
LP,T6,,,B6,1055,Quartz,,Fine,Chip,,,,,,,,No,No,,,,,0,,0,0,0,0,0,0,0,0,0,0,,,,,,,,,,0,,,0,0,0,0,0,0,,,0,,,,,0,,,,,0,,,,,0,,,,,None,,,,3,
LP,T6,,,A6,242,Quartz,,Fine,BlankFrag,,,Distal,0%,,,,No,No,,Triangular,Pointed,,2,,2.88,7.59,0,0,0,0,0,0,0,0.4,,,,,,,,,,0,,,0,0,0,0,0,0,,,0,,,,,0,,,,,0,,,,,0,,,,,None,,No,,0,
LP,T6,,,A6,240,Chert,RM7,,RetouchedPiece,,Blank,,0%,,,Plain,No,No,Convergent,Triangular,Step,Irregular,4,Unidirectional,7.16,18.09,14.21,17.53,7.92,32.34,3.26,7.1,143.7,2.6,,,,,,,,,,0,,,0,0,0,0,0,0,,,0,,,,,0,,,,,0,,,,,0,,,,,None,,Yes,Notch,0,
LP,T6,,,A8,776,Quartz,,RockCrystal,Chip,,,,,,,,No,No,,,,,0,,0,0,0,0,0,0,0,0,0,0,,,,,,,,,,0,,,0,0,0,0,0,0,,,0,,,,,0,,,,,0,,,,,0,,,,,None,,,,2,
LP,T6,,,A8,776,Quartz,,RockCrystal,Blank,,,,0%,,,Plain,No,No,Circular,Lenticular,Feather,Straight,1,Unidirectional,3.41,17.2,17.2,15.61,9.54,14.8,3.73,15.24,83.9,1.1,,,,,,,,,,0,,,0,0,0,0,0,0,,,0,,,,,0,,,,,0,,,,,0,,,,,Concretion,,No,,0,
LP,T3,,,A5,81,Chert,RM3,,Blank,,,,0%,,,Plain,No,No,Parallel,Triangular,Step,Straight,2,Unidirectional,1.92,8.79,6.67,8.88,8.09,15.17,2.63,6.08,78.7,0.4,,,,,,,,,,0,,,0,0,0,0,0,0,,,0,,,,,0,,,,,0,,,,,0,,,,,None,,No,,0,
LP,T3,,,ZZ11,697,Quartz,,RockCrystal,Shatter,,,,0%,,,,No,No,,,,,0,,0,0,0,0,0,0,0,0,0,3.8,,,,,,,,,,0,,,0,0,0,0,0,0,,,0,,,,,0,,,,,0,,,,,0,,,,,None,,,,0,
LP,T3,,,ZZ11,603,Chert,RM6,,Blank,,,,0%,,,Plain,No,No,Convergent,Irregular,Hinge,Irregular,2,Unidirectional,3.77,13.69,6.31,11.16,7.45,21.55,2.76,5.99,85.4,1.2,,,,,,,,,,0,,,0,0,0,0,0,0,,,0,,,,,0,,,,,0,,,,,0,,,,,None,,No,,0,
LP,T3,,,ZZ10,588,Chert,RM6,,Blank,,,,0%,,,Plain,No,No,Parallel,Triangular,Step,Straight,2,Unidirectional,2.94,7.91,6.82,7.5,8.03,15.85,2.56,6.16,67.8,0,,,,,,,,,,0,,,0,0,0,0,0,0,,,0,,,,,0,,,,,0,,,,,0,,,,,None,,No,,0,
LP,T3,,,ZZ11,604,Chert,RM6,,Blank,,,,0%,,,Crushed,No,No,Irregular,Lenticular,Feather,Curved,4,Unidirectional,2.71,13.76,12.37,13.3,7.82,18.08,2.7,11.46,0,0.6,,,,,,,,,,0,,,0,0,0,0,0,0,,,0,,,,,0,,,,,0,,,,,0,,,,,Fire,Burned,No,,0,
LP,T3,,,ZZ11,666,Chert,RM6,,Core,,,,0%,,,,No,No,,,,,0,,14.84,18.03,17.07,14.66,10.43,17.93,15.83,15.05,68.8,4.9,SinglePyramidal,Triangular,Four,Plain,Crest,FlakingSurface,FlakingSurface,FlakingSurface,0%,1,,,12.34,11.52,5.99,10.73,2.48,81.3,Flakes,,0,,,,0%,1,,,Flakes,0%,1,,,Flakes,0%,4,Unidirectional,Parallel,Bladelets,AngleLoss,Fire,Burned,,,0,
LP,T3,,,A5,81,Quartz,,Fine,Chip,,,,,,,,No,No,,,,,0,,0,0,0,0,0,0,0,0,0,0,,,,,,,,,,0,,,0,0,0,0,0,0,,,0,,,,,0,,,,,0,,,,,0,,,,,None,,,,1,
LP,T3,,,B5,813,Quartz,,Fine,Chip,,,,,,,,No,Yes,,,,,0,,0,0,0,0,0,0,0,0,0,0,,,,,,,,,,0,,,0,0,0,0,0,0,,,0,,,,,0,,,,,0,,,,,0,,,,,None,,,,1,
LP,T3,,,A8,550,Chert,RM7,,Blank,,,,0%,,,Plain,No,No,Parallel,Triangular,Step,Straight,3,Unidirectional,2.87,9.37,7.37,9.55,8.78,16.08,3.47,8.7,77.4,0.4,,,,,,,,,,0,,,0,0,0,0,0,0,,,0,,,,,0,,,,,0,,,,,0,,,,,None,,No,,0,
LP,T3,,,B6,294,Chert,,,Blank,,,,0%,,,Plain,No,No,Parallel,Lenticular,Feather,Straight,3,Unidirectional,1.03,3.58,2.2,4.24,3.31,15.46,0.86,2.44,105.1,0,,,,,,,,,,0,,,0,0,0,0,0,0,,,0,,,,,0,,,,,0,,,,,0,,,,,None,,No,,0,
LP,T3,,,B6,294,Quartz,,RockCrystal,Blank,,,,0%,,,Crushed,No,No,Divergent,Lenticular,Hinge,Curved,3,Unidirectional,2.39,9.65,5.4,8.11,6.06,21.76,1.89,6.75,86.1,0.6,,,,,,,,,,0,,,0,0,0,0,0,0,,,0,,,,,0,,,,,0,,,,,0,,,,,None,,No,,0,
LP,T3,,,ZZ11,595,Chert,RM6,,Blank,,,,0%,,,Plain,No,No,Parallel,Triangular,Hinge,Curved,2,Unidirectional,4.61,15.21,15.17,15.26,13.13,13.96,4.27,15.21,63.9,1.1,,,,,,,,,,0,,,0,0,0,0,0,0,,,0,,,,,0,,,,,0,,,,,0,,,,,None,,No,,0,
LP,T3,,,B7,464,Chert,RM2,,Blank,,,,0%,,,Plain,No,No,Parallel,Triangular,Feather,Straight,2,Unidirectional,3.24,9.8,9.7,9.79,2.33,19.35,3.26,10.37,94.5,0.9,,,,,,,,,,0,,,0,0,0,0,0,0,,,0,,,,,0,,,,,0,,,,,0,,,,,None,,No,,0,
LP,T3,,,YY11,445,Chert,,,Chip,,,,,,,,No,No,,,,,0,,0,0,0,0,0,0,0,0,0,0,,,,,,,,,,0,,,0,0,0,0,0,0,,,0,,,,,0,,,,,0,,,,,0,,,,,Fire,Burned,,,1,
LP,T3,,,ZZ11,669,Chert,,,Blank,,,,0%,,,Plain,No,No,Convergent,Triangular,Hinge,Curved,2,Unidirectional,3.91,7.23,4.01,7.09,3.15,13.33,2.57,2.77,97.4,0,,,,,,,,,,0,,,0,0,0,0,0,0,,,0,,,,,0,,,,,0,,,,,0,,,,,Fire,Burned,No,,0,
LP,T3,,,ZZ11,646,Chert,RM6,,Blank,,,,0%,,,Crushed,No,No,Parallel,Triangular,Feather,Curved,2,Unidirectional,3.41,12.78,7.78,10.76,10.15,20.46,1.57,7.68,0,1,,,,,,,,,,0,,,0,0,0,0,0,0,,,0,,,,,0,,,,,0,,,,,0,,,,,None,,No,,0,
LP,T3,,,ZZ9,392,Other,,,Blank,,,,61-99%,RightLateral,Cobble,Plain,No,No,Convergent,Triangular,Hinge,Curved,1,Unidirectional,11.29,27.24,27.24,25.21,13.76,29.96,12.21,26.27,88.9,10.4,,,,,,,,,,0,,,0,0,0,0,0,0,,,0,,,,,0,,,,,0,,,,,0,,,,,None,,No,,0,
LP,T3,,,ZZ8,322,Quartz,,RockCrystal,Chip,,,,,,,,No,Yes,,,,,0,,0,0,0,0,0,0,0,0,0,0,,,,,,,,,,0,,,0,0,0,0,0,0,,,0,,,,,0,,,,,0,,,,,0,,,,,None,,,,1,
LP,T3,,,A8,558,Quartz,,Fine,Blank,,,,31-60%,RightLateral,Cobble,Crushed,YesPartial,No,Irregular,Triangular,Hinge,Straight,1,Unidirectional,3.97,8.43,4.88,7.89,4.97,14.11,3.22,4.87,106.8,0.6,,,,,,,,,,0,,,0,0,0,0,0,0,,,0,,,,,0,,,,,0,,,,,0,,,,,None,,No,,0,
LP,T2,,,ZZ8,100,Chert,,,Blank,,,,1-30%,Proximal,Indeterminate,Crushed,YesComplete,No,Parallel,Triangular,Feather,Twisted,2,Unidirectional,3.98,10.56,4.81,10.23,6.92,28.08,1.8,5.26,0,1.6,,,,,,,,,,0,,,0,0,0,0,0,0,,,0,,,,,0,,,,,0,,,,,0,,,,,None,,No,,0,
LP,T2,,,ZZ11,560,Chert,RM6,,Blank,,,,0%,,,Plain,No,No,Circular,Triangular,Feather,Straight,2,Unidirectional,3.36,12.72,8.34,12.76,6.71,14.69,4.19,8.5,53,0.7,,,,,,,,,,0,,,0,0,0,0,0,0,,,0,,,,,0,,,,,0,,,,,0,,,,,Fire,Burned,No,,0,
LP,T2,,,A6,124,Quartz,,Fine,Chip,,,,,,,,No,Yes,,,,,0,,0,0,0,0,0,0,0,0,0,0,,,,,,,,,,0,,,0,0,0,0,0,0,,,0,,,,,0,,,,,0,,,,,0,,,,,None,,,,1,
LP,T2,,,A7,128,Other,,,Chip,,,,,,,,No,No,,,,,0,,0,0,0,0,0,0,0,0,0,0,,,,,,,,,,0,,,0,0,0,0,0,0,,,0,,,,,0,,,,,0,,,,,0,,,,,None,,,,1,
LP,T2,,,ZZ10,430,Quartz,,RockCrystal,Blank,,,,0%,,,Crushed,No,No,Irregular,Irregular,Step,Straight,4,Other,9.08,19.91,15.04,19.29,14.69,21.12,2.19,7.75,109.6,4,,,,,,,,,,0,,,0,0,0,0,0,0,,,0,,,,,0,,,,,0,,,,,0,,,,,None,,No,,0,
LP,T2,,,F8,,Quartz,,Fine,Blank,,,,61-99%,Distal,Cobble,Plain,No,No,Convergent,Lenticular,Hinge,Straight,1,Unidirectional,7.61,16.56,16.57,13.62,7.15,15.18,8.32,16.32,100.6,2.3,,,,,,,,,,0,,,0,0,0,0,0,0,,,0,,,,,0,,,,,0,,,,,0,,,,,None,,No,,0,
LP,T2,,,ZZ11,549,Other,,,Shatter,,,,0%,,,,No,No,,,,,0,,0,0,0,0,0,0,0,0,0,0.9,,,,,,,,,,0,,,0,0,0,0,0,0,,,0,,,,,0,,,,,0,,,,,0,,,,,None,,,,0,
LP,T2,,,C6,693,Quartz,,Fine,Chip,,,,,,,,No,No,,,,,0,,0,0,0,0,0,0,0,0,0,0,,,,,,,,,,0,,,0,0,0,0,0,0,,,0,,,,,0,,,,,0,,,,,0,,,,,None,,,,1,
LP,T2,,,C6,693,Quartz,,Medium,Blank,,,,0%,,,Plain,No,No,Déjeté,Irregular,Feather,Irregular,2,Unidirectional,5.4,13.01,12.59,12.38,4.83,17.22,7.23,12.32,109.4,0.9,,,,,,,,,,0,,,0,0,0,0,0,0,,,0,,,,,0,,,,,0,,,,,0,,,,,None,,Yes,,0,
LP,T2,,,A9,307,Chert,,,RetouchedPiece,,Blank,,0%,,,Plain,No,No,Parallel,Triangular,Hinge,Curved,2,Unidirectional,6.97,20.11,16.03,20.08,15.44,24.09,4.25,9.29,76.4,4,,,,,,,,,,0,,,0,0,0,0,0,0,,,0,,,,,0,,,,,0,,,,,0,,,,,None,,No,Retouched flake,0,
LP,T2,,,YY11,429,Other,,,Shatter,,,,0%,,,,No,No,,,,,0,,0,0,0,0,0,0,0,0,0,0,,,,,,,,,,0,,,0,0,0,0,0,0,,,0,,,,,0,,,,,0,,,,,0,,,,,None,,,,0,
LP,T2,,,ZZ10,566,Chert,RM2,,Blank,,,,0%,,,Dihedral,No,No,Other,Lenticular,Feather,Curved,1,Unidirectional,4.24,16.43,16.43,16.34,11.7,11.84,4.23,12.83,108.5,1,,,,,,,,,,0,,,0,0,0,0,0,0,,,0,,,,,0,,,,,0,,,,,0,,,,,None,,No,,0,
LP,T2,,,ZZ10,500,Chert,,,Chip,,,,,,,,No,No,,,,,0,,0,0,0,0,0,0,0,0,0,0,,,,,,,,,,0,,,0,0,0,0,0,0,,,0,,,,,0,,,,,0,,,,,0,,,,,None,,,,1,
LP,T4,,,YY10,759,Chert,,,Chip,,,,,,,,No,No,,,,,0,,0,0,0,0,0,0,0,0,0,0,,,,,,,,,,0,,,0,0,0,0,0,0,,,0,,,,,0,,,,,0,,,,,0,,,,,None,,,,1,
LP,T4,,,ZZ10,616,Chert,,,Chip,,,,,,,,No,No,,,,,0,,0,0,0,0,0,0,0,0,0,0,,,,,,,,,,0,,,0,0,0,0,0,0,,,0,,,,,0,,,,,0,,,,,0,,,,,None,,,,1,
LP,T4,,,B7,506,Quartz,,Fine,BlankFrag,,,Distal,0%,,,,No,No,,Lenticular,Feather,,2,,1.99,9.45,0,0,0,0,0,0,0,0.4,,,,,,,,,,0,,,0,0,0,0,0,0,,,0,,,,,0,,,,,0,,,,,0,,,,,None,,No,,0,
LP,T4,,,B6,320,Quartz,,Fine,Chip,,,,,,,,No,Yes,,,,,0,,0,0,0,0,0,0,0,0,0,0,,,,,,,,,,0,,,0,0,0,0,0,0,,,0,,,,,0,,,,,0,,,,,0,,,,,None,,,,1,
LP,T4,,,B6,320,Quartz,,Fine,Blank,,,,0%,,,Plain,No,No,Parallel,Triangular,Feather,Curved,2,Unidirectional,1.38,5.44,3.5,4.61,4.38,13.22,1.17,3.05,104.4,0,,,,,,,,,,0,,,0,0,0,0,0,0,,,0,,,,,0,,,,,0,,,,,0,,,,,None,,No,,0,
LP,T4,,,C6,768,Quartz,,Fine,Chip,,,,,,,,No,No,,,,,0,,0,0,0,0,0,0,0,0,0,0,,,,,,,,,,0,,,0,0,0,0,0,0,,,0,,,,,0,,,,,0,,,,,0,,,,,None,,,,2,
LP,T4,,,C6,768,Quartz,,RockCrystal,Chip,,,,,,,,No,No,,,,,0,,0,0,0,0,0,0,0,0,0,0,,,,,,,,,,0,,,0,0,0,0,0,0,,,0,,,,,0,,,,,0,,,,,0,,,,,None,,,,1,
LP,T4,,,C6,768,Quartz,,RockCrystal,Blank,,,,0%,,,Plain,No,Yes,Irregular,Triangular,Pointed,Straight,2,Unidirectional,3.01,7.87,5.41,7.82,2.58,14.09,3.22,5.91,67.8,0.4,,,,,,,,,,0,,,0,0,0,0,0,0,,,0,,,,,0,,,,,0,,,,,0,,,,,None,,No,,0,
LP,T4,,,A5,135,Quartz,,Medium,Shatter,,,,31-60%,,Cobble,,No,No,,,,,0,,0,0,0,0,0,0,0,0,0,3.4,,,,,,,,,,0,,,0,0,0,0,0,0,,,0,,,,,0,,,,,0,,,,,0,,,,,Concretion,,,,0,
LP,T4,,,B5,788,Quartz,,Fine,Chip,,,,,,,,No,Yes,,,,,0,,0,0,0,0,0,0,0,0,0,0,,,,,,,,,,0,,,0,0,0,0,0,0,,,0,,,,,0,,,,,0,,,,,0,,,,,None,,,,1,
LP,T4,,,A5,135,Quartz,,Fine,Chip,,,,,,,,No,No,,,,,0,,0,0,0,0,0,0,0,0,0,0,,,,,,,,,,0,,,0,0,0,0,0,0,,,0,,,,,0,,,,,0,,,,,0,,,,,None,,,,3,
LP,T4,,,A5,135,Quartz,,Fine,BlankFrag,,,Proximal,0%,,,Plain,No,No,,Lenticular,,,0,,1.27,5.38,0,0,0,0,1.55,3.8,97.3,0,,,,,,,,,,0,,,0,0,0,0,0,0,,,0,,,,,0,,,,,0,,,,,0,,,,,None,,No,,0,
LP,T4,,,A5,13,Quartz,,Fine,Chip,,,,,,,,No,Yes,,,,,0,,0,0,0,0,0,0,0,0,0,0,,,,,,,,,,0,,,0,0,0,0,0,0,,,0,,,,,0,,,,,0,,,,,0,,,,,None,,,,1,
LP,T4,,,A5,13,Chert,,,Blank,,,,0%,,,Plain,No,No,Divergent,Triangular,Feather,Curved,4,Unidirectional,1.55,5.82,11.45,4.34,5.82,11.07,1,2.39,90.6,0,,,,,,,,,,0,,,0,0,0,0,0,0,,,0,,,,,0,,,,,0,,,,,0,,,,,None,,No,,0,
LP,T4,,,B6,817,Quartz,,RockCrystal,BlankFrag,,,Proximal,0%,,,Crushed,No,No,,Lenticular,,,2,,1.82,8.9,0,0,0,0,1.23,6.9,123.5,0,,,,,,,,,,0,,,0,0,0,0,0,0,,,0,,,,,0,,,,,0,,,,,0,,,,,None,,No,,0,
LP,T4,,,C6,768,Quartz,,RockCrystal,BlankFrag,,,Distal,0%,,,,No,No,,Triangular,Feather,,2,,2.92,6.61,0,0,0,0,0,0,0,0.4,,,,,,,,,,0,,,0,0,0,0,0,0,,,0,,,,,0,,,,,0,,,,,0,,,,,None,,No,,0,
LP,T4,,,C6,768,Quartz,,RockCrystal,BlankFrag,,,Distal,0%,,,,No,No,,Irregular,Feather,,2,,2.31,7.07,0,0,0,0,0,0,0,0,,,,,,,,,,0,,,0,0,0,0,0,0,,,0,,,,,0,,,,,0,,,,,0,,,,,None,,Yes,,0,
LP,T4,,,B6,1016,Quartz,,Fine,Blank,,,,0%,,,Plain,No,No,Parallel,Lenticular,Feather,Straight,3,Unidirectional,1.78,7.26,6.32,7.29,5.38,15.09,2.14,6.92,85.8,0,,,,,,,,,,0,,,0,0,0,0,0,0,,,0,,,,,0,,,,,0,,,,,0,,,,,None,,Yes,,0,
LP,T4,,,C7,690,Quartz,,RockCrystal,BlankFrag,,,Proximal,0%,,,Plain,No,No,,Lenticular,,,2,,2.55,9.34,0,0,0,0,9.43,2.8,5.7,0.6,,,,,,,,,,0,,,0,0,0,0,0,0,,,0,,,,,0,,,,,0,,,,,0,,,,,None,,No,,0,
LP,T4,,,C8,289,Chert,,,Blank,,,,0%,,,Plain,No,No,Convergent,Triangular,Feather,Straight,3,Unidirectional,2.23,9.74,8.57,9.68,3.46,29.98,2.27,8.62,83.2,0.7,,,,,,,,,,0,,,0,0,0,0,0,0,,,0,,,,,0,,,,,0,,,,,0,,,,,None,,Yes,,0,TVC?
LP,T4,,,C6,440,Chert,RM5,,BlankFrag,,,Distal,0%,,,,No,No,,Triangular,Feather,,2,,2.79,11.49,0,0,0,0,0,0,0,0.8,,,,,,,,,,0,,,0,0,0,0,0,0,,,0,,,,,0,,,,,0,,,,,0,,,,,None,,Yes,,0,
LP,T5,,,B6,678,Chert,,,BlankFrag,,,Other,0%,,,,No,No,,Triangular,,,2,,1.98,5.45,0,0,0,0,0,0,0,0,,,,,,,,,,0,,,0,0,0,0,0,0,,,0,,,,,0,,,,,0,,,,,0,,,,,None,,No,,0,
LP,T5,,,B6,673,Chert,,,Blank,,,,0%,,,Crushed,No,No,Parallel,Triangular,Hinge,Straight,2,Unidirectional,2.51,7.4,6.39,7.71,5.78,11.84,1.46,5.37,90.6,0,,,,,,,,,,0,,,0,0,0,0,0,0,,,0,,,,,0,,,,,0,,,,,0,,,,,None,,No,,0,
LP,T5,,,B6,873,Quartz,,Fine,BlankFrag,,,Distal,0%,,,,No,No,,Triangular,Feather,,2,,2.54,8.32,0,0,0,0,0,0,0,0,,,,,,,,,,0,,,0,0,0,0,0,0,,,0,,,,,0,,,,,0,,,,,0,,,,,None,,Yes,,0,
LP,T5,,,C5,514,Chert,,,BlankFrag,,,Distal,0%,,,,No,No,,Trapezoidal,Feather,,3,,2.16,7.74,0,0,0,0,0,0,0,0.7,,,,,,,,,,0,,,0,0,0,0,0,0,,,0,,,,,0,,,,,0,,,,,0,,,,,None,,Yes,,0,
LP,T5,,,A8,720,Chert,RM7,,Blank,,,,0%,,,Plain,No,No,Convergent,Triangular,Pointed,Straight,3,Unidirectional,1.92,7.11,6.81,6.63,2.92,19.89,1.82,7.08,113,0,,,,,,,,,,0,,,0,0,0,0,0,0,,,0,,,,,0,,,,,0,,,,,0,,,,,None,,No,,0,
LP,T5,,,C6,1003,Chert,,,Blank,,,,0%,,,Crushed,No,No,Convergent,Triangular,Pointed,Curved,3,Unidirectional,2.69,9.5,4.26,7.89,3.05,34.73,0.95,5.15,0,1,,,,,,,,,,0,,,0,0,0,0,0,0,,,0,,,,,0,,,,,0,,,,,0,,,,,None,,Yes,,0,
LP,T5,,,C5,364,Quartz,RM7,Fine,Chip,,,,,,,,No,No,,,,,0,,0,0,0,0,0,0,0,0,0,0,,,,,,,,,,0,,,0,0,0,0,0,0,,,0,,,,,0,,,,,0,,,,,0,,,,,None,,,,2,
LP,T5,,,C5,364,Chert,,,Blank,,,,0%,,,Crushed,No,No,Parallel,Triangular,Feather,Straight,2,Unidirectional,1.58,6.45,6.3,6.46,4.56,15.89,1.2,6.18,0,0,,,,,,,,,,0,,,0,0,0,0,0,0,,,0,,,,,0,,,,,0,,,,,0,,,,,None,,No,,0,
LP,T5,,,B6,415,Chert,,,Blank,,,,0%,,,Plain,No,No,Parallel,Triangular,Pointed,Curved,2,Unidirectional,4.52,9.65,7.19,9.81,2.6,53.38,2.43,6.36,80.9,2.1,,,,,,,,,,0,,,0,0,0,0,0,0,,,0,,,,,0,,,,,0,,,,,0,,,,,Fire,Burned,Yes,,0,
LP,T5,,,B5,848,Quartz,,Fine,Chip,,,,,,,,No,No,,,,,0,,0,0,0,0,0,0,0,0,0,0,,,,,,,,,,0,,,0,0,0,0,0,0,,,0,,,,,0,,,,,0,,,,,0,,,,,None,,,,1,
LP,T5,,,A7,288,Quartz,,RockCrystal,Chip,,,,,,,,No,No,,,,,0,,0,0,0,0,0,0,0,0,0,0,,,,,,,,,,0,,,0,0,0,0,0,0,,,0,,,,,0,,,,,0,,,,,0,,,,,None,,,,5,
LP,T5,,,A7,288,Quartz,,RockCrystal,BlankFrag,,,Distal,0%,,,,No,No,,Triangular,Hinge,,2,,2.98,5.43,0,0,0,0,0,0,0,0,,,,,,,,,,0,,,0,0,0,0,0,0,,,0,,,,,0,,,,,0,,,,,0,,,,,None,,No,,0,lamela
LP,T5,,,A7,288,Quartz,,RockCrystal,BlankFrag,,,Distal,0%,,,,No,No,,Triangular,Hinge,,2,,2.35,4.73,0,0,0,0,0,0,0,0,,,,,,,,,,0,,,0,0,0,0,0,0,,,0,,,,,0,,,,,0,,,,,0,,,,,None,,No,,0,lamela
LP,T5,,,ZZ5,17,Chert,,,BlankFrag,,,Other,0%,,,,No,No,,Triangular,,,2,,1.98,6.07,0,0,0,0,0,0,0,0,,,,,,,,,,0,,,0,0,0,0,0,0,,,0,,,,,0,,,,,0,,,,,0,,,,,None,,No,,0,
LP,T5,,,B5,848,Quartz,,RockCrystal,Chip,,,,,,,,No,No,,,,,0,,0,0,0,0,0,0,0,0,0,0,,,,,,,,,,0,,,0,0,0,0,0,0,,,0,,,,,0,,,,,0,,,,,0,,,,,None,,,,1,
LP,T5,,,A6,229,Quartz,,RockCrystal,BlankFrag,,,Proximal,0%,,,Plain,No,No,,Triangular,,,2,,2.97,7.5,0,0,0,0,2.07,7.44,87.5,0.6,,,,,,,,,,0,,,0,0,0,0,0,0,,,0,,,,,0,,,,,0,,,,,0,,,,,None,,No,,0,
LP,T5,,,C6,511,Quartz,,RockCrystal,Chip,,,,,,,,No,No,,,,,0,,0,0,0,0,0,0,0,0,0,0,,,,,,,,,,0,,,0,0,0,0,0,0,,,0,,,,,0,,,,,0,,,,,0,,,,,None,,,,1,
LP,T5,,,B6,684,Quartz,,Fine,Chip,,,,,,,,No,No,,,,,0,,0,0,0,0,0,0,0,0,0,0,,,,,,,,,,0,,,0,0,0,0,0,0,,,0,,,,,0,,,,,0,,,,,0,,,,,None,,,,1,
LP,T5,,,C5,1710,Quartz,,Fine,Chip,,,,,,,,No,No,,,,,0,,0,0,0,0,0,0,0,0,0,0,,,,,,,,,,0,,,0,0,0,0,0,0,,,0,,,,,0,,,,,0,,,,,0,,,,,None,,,,1,
LP,T5,,,B6,668,Quartz,,RockCrystal,Blank,,,,0%,,,Crushed,No,No,Irregular,Triangular,Hinge,Straight,2,Unidirectional,3.86,8.48,7.22,8.49,6.93,14.4,2.93,6.82,79.2,0,,,,,,,,,,0,,,0,0,0,0,0,0,,,0,,,,,0,,,,,0,,,,,0,,,,,None,,Yes,,0,
LP,T5,,,A6,231,Quartz,,RockCrystal,Chip,,,,,,,,No,No,,,,,0,,0,0,0,0,0,0,0,0,0,0,,,,,,,,,,0,,,0,0,0,0,0,0,,,0,,,,,0,,,,,0,,,,,0,,,,,None,,,,1,
LP,T5,,,A6,232,Quartz,,RockCrystal,Chip,,,,,,,,No,No,,,,,0,,0,0,0,0,0,0,0,0,0,0,,,,,,,,,,0,,,0,0,0,0,0,0,,,0,,,,,0,,,,,0,,,,,0,,,,,None,,,,1,
LP,T5,,,A8,690,Quartz,,Fine,Chip,,,,,,,,No,No,,,,,0,,0,0,0,0,0,0,0,0,0,0,,,,,,,,,,0,,,0,0,0,0,0,0,,,0,,,,,0,,,,,0,,,,,0,,,,,None,,,,4,
LP,T5,,,A8,690,Quartz,,RockCrystal,Blank,,,,0%,,,Plain,No,No,Irregular,Triangular,Hinge,Straight,2,Unidirectional,1.74,7.77,6.96,8.29,4.37,13.97,2.04,6.97,90.5,0,,,,,,,,,,0,,,0,0,0,0,0,0,,,0,,,,,0,,,,,0,,,,,0,,,,,None,,Yes,,0,
LP,T5,,,B5,848,Quartz,,RockCrystal,Chip,,,,,,,,No,No,,,,,0,,0,0,0,0,0,0,0,0,0,0,,,,,,,,,,0,,,0,0,0,0,0,0,,,0,,,,,0,,,,,0,,,,,0,,,,,None,,,,3,
LP,T5,,,B5,848,Quartz,,Fine,Chip,,,,,,,,No,No,,,,,0,,0,0,0,0,0,0,0,0,0,2,,,,,,,,,,0,,,0,0,0,0,0,0,,,0,,,,,0,,,,,0,,,,,0,,,,,None,,,,0,
LP,T5,,,B5,848,Quartz,,Fine,Shatter,,,,0%,,,,No,No,,,,,0,,0,0,0,0,0,0,0,0,0,0.9,,,,,,,,,,0,,,0,0,0,0,0,0,,,0,,,,,0,,,,,0,,,,,0,,,,,None,,,,0,
LP,T5,,,A6,228,Quartz,,Fine,Chip,,,,,,,,No,No,,,,,0,,0,0,0,0,0,0,0,0,0,0,,,,,,,,,,0,,,0,0,0,0,0,0,,,0,,,,,0,,,,,0,,,,,0,,,,,None,,,,1,
LP,T5,,,B6,848,Quartz,,Fine,Chip,,,,,,,,No,No,,,,,0,,0,0,0,0,0,0,0,0,0,0,,,,,,,,,,0,,,0,0,0,0,0,0,,,0,,,,,0,,,,,0,,,,,0,,,,,None,,,,1,
LP,T5,,,ZZ5,17,Quartz,,RockCrystal,Chip,,,,,,,,No,No,,,,,0,,0,0,0,0,0,0,0,0,0,0,,,,,,,,,,0,,,0,0,0,0,0,0,,,0,,,,,0,,,,,0,,,,,0,,,,,None,,,,1,
LP,T5,,,ZZ9,599,Quartz,,RockCrystal,Blank,,,,0%,,,Plain,No,No,Convergent,Irregular,Feather,Straight,3,Unidirectional,7.16,24,24,19.6,5.89,23.32,9.38,20.43,107,3.6,,,,,,,,,,0,,,0,0,0,0,0,0,,,0,,,,,0,,,,,0,,,,,0,,,,,None,,No,,0,
LP,T5,,,B6,553,Quartz,,RockCrystal,Blank,,,,0%,,,Crushed,No,No,Convergent,Triangular,Hinge,Curved,2,Unidirectional,2.09,6.89,4.46,6.05,4,17.94,2.25,4.09,96.9,0,,,,,,,,,,0,,,0,0,0,0,0,0,,,0,,,,,0,,,,,0,,,,,0,,,,,None,,No,,0,
LP,T5,,,C6,1039,Quartz,,RockCrystal,Blank,,,,0%,,,Plain,No,No,Parallel,Trapezoidal,Feather,Straight,2,Unidirectional,1.93,8.57,7.65,8.39,7.75,17.2,2.01,5.22,100.2,0,,,,,,,,,,0,,,0,0,0,0,0,0,,,0,,,,,0,,,,,0,,,,,0,,,,,None,,No,,0,
LP,T5,,,C5,501,Quartz,,RockCrystal,Chip,,,,,,,,No,No,,,,,0,,0,0,0,0,0,0,0,0,0,0,,,,,,,,,,0,,,0,0,0,0,0,0,,,0,,,,,0,,,,,0,,,,,0,,,,,None,,,,1,
LP,T5,,,C5,704,Quartz,,RockCrystal,Chip,,,,,,,,No,No,,,,,0,,0,0,0,0,0,0,0,0,0,0,,,,,,,,,,0,,,0,0,0,0,0,0,,,0,,,,,0,,,,,0,,,,,0,,,,,None,,,,2,
LP,T5,,,C5,704,Quartz,,RockCrystal,BlankFrag,,,Other,0%,,,,No,No,,Triangular,,,2,,1.24,4.3,0,0,0,0,0,0,0,0,,,,,,,,,,0,,,0,0,0,0,0,0,,,0,,,,,0,,,,,0,,,,,0,,,,,None,,No,,0,lamela
LP,T5,,,B6,829,Quartz,,RockCrystal,Chip,,,,,,,,No,No,,,,,0,,0,0,0,0,0,0,0,0,0,0,,,,,,,,,,0,,,0,0,0,0,0,0,,,0,,,,,0,,,,,0,,,,,0,,,,,None,,,,1,
LP,T5,,,B6,685,Quartz,,Fine,BlankFrag,,,Distal,0%,,,,No,No,,Triangular,Step,,2,,2.25,5.43,0,0,0,0,0,0,0,0,,,,,,,,,,0,,,0,0,0,0,0,0,,,0,,,,,0,,,,,0,,,,,0,,,,,None,,No,,0,
LP,T5,,,C5,549,Quartz,,RockCrystal,Chip,,,,,,,,No,No,,,,,0,,0,0,0,0,0,0,0,0,0,0,,,,,,,,,,0,,,0,0,0,0,0,0,,,0,,,,,0,,,,,0,,,,,0,,,,,None,,,,3,
LP,T5,,,C5,549,Chert,,,Shatter,,,,0%,,,,No,No,,,,,0,,0,0,0,0,0,0,0,0,0,0,,,,,,,,,,0,,,0,0,0,0,0,0,,,0,,,,,0,,,,,0,,,,,0,,,,,None,,,,0,
LP,T5,,,C5,549,Chert,,,Shatter,,,,0%,,,,No,No,,,,,0,,0,0,0,0,0,0,0,0,0,0,,,,,,,,,,0,,,0,0,0,0,0,0,,,0,,,,,0,,,,,0,,,,,0,,,,,None,,,,0,
LP,T5,,,C5,549,Chert,,,BlankFrag,,,Distal,0%,,,,No,No,,Triangular,Feather,,2,,2.56,7.29,0,0,0,0,0,0,0,0,,,,,,,,,,0,,,0,0,0,0,0,0,,,0,,,,,0,,,,,0,,,,,0,,,,,None,,No,,0,
LP,T5,,,C6,1253,Quartz,,Fine,BlankFrag,,,Other,0%,,,,No,No,,Triangular,,,2,,2.48,8.13,0,0,0,0,0,0,0,0,,,,,,,,,,0,,,0,0,0,0,0,0,,,0,,,,,0,,,,,0,,,,,0,,,,,None,,No,,0,
LP,T5,,,D5,512,Quartz,,Fine,Chip,,,,,,,,No,Yes,,,,,0,,0,0,0,0,0,0,0,0,0,0,,,,,,,,,,0,,,0,0,0,0,0,0,,,0,,,,,0,,,,,0,,,,,0,,,,,None,,,,1,
LP,T5,,,B6,666,Quartz,,RockCrystal,Blank,,,,0%,,,Crushed,No,No,Convergent,Triangular,Hinge,Curved,2,Unidirectional,2.29,6.18,3.72,6,3.41,12.25,1.02,4.62,0,0,,,,,,,,,,0,,,0,0,0,0,0,0,,,0,,,,,0,,,,,0,,,,,0,,,,,None,,No,,0,
LP,T5,,,B6,713,Quartz,,Fine,Blank,,,,0%,,,Crushed,No,No,Convergent,Triangular,Feather,Straight,2,Unidirectional,1.95,7.65,6.5,7.62,5.44,12.44,2.04,6.66,122.6,0,,,,,,,,,,0,,,0,0,0,0,0,0,,,0,,,,,0,,,,,0,,,,,0,,,,,None,,No,,0,
LP,T5,,,B6,695,Quartz,,RockCrystal,BlankFrag,,,Distal,0%,,,,No,No,,Triangular,Feather,,2,,1.98,7.36,0,0,0,0,0,0,0,0,,,,,,,,,,0,,,0,0,0,0,0,0,,,0,,,,,0,,,,,0,,,,,0,,,,,None,,No,,0,
LP,T5,,,B6,701,Quartz,,RockCrystal,Chip,,,,,,,,No,Yes,,,,,0,,0,0,0,0,0,0,0,0,0,0,,,,,,,,,,0,,,0,0,0,0,0,0,,,0,,,,,0,,,,,0,,,,,0,,,,,None,,,,1,
LP,T5,,,B6,661,Quartz,,RockCrystal,BlankFrag,,,Other,0%,,,,No,No,,Triangular,,,2,,2.26,6.07,0,0,0,0,0,0,0,0,,,,,,,,,,0,,,0,0,0,0,0,0,,,0,,,,,0,,,,,0,,,,,0,,,,,None,,No,,0,
LP,T5,,,B6,712,Quartz,,Fine,Chip,,,,,,,,No,No,,,,,0,,0,0,0,0,0,0,0,0,0,0,,,,,,,,,,0,,,0,0,0,0,0,0,,,0,,,,,0,,,,,0,,,,,0,,,,,None,,,,1,
LP,T5,,,B6,687,Quartz,,Fine,Chip,,,,,,,,No,Yes,,,,,0,,0,0,0,0,0,0,0,0,0,0,,,,,,,,,,0,,,0,0,0,0,0,0,,,0,,,,,0,,,,,0,,,,,0,,,,,None,,,,1,
LP,T5,,,B6,828,Quartz,,Fine,Chip,,,,,,,,No,Yes,,,,,0,,0,0,0,0,0,0,0,0,0,0,,,,,,,,,,0,,,0,0,0,0,0,0,,,0,,,,,0,,,,,0,,,,,0,,,,,None,,,,1,
LP,T5,,,B6,796,Quartz,,Fine,Chip,,,,,,,,No,No,,,,,0,,0,0,0,0,0,0,0,0,0,0,,,,,,,,,,0,,,0,0,0,0,0,0,,,0,,,,,0,,,,,0,,,,,0,,,,,None,,,,1,
LP,T5,,,B6,807,Quartz,,Fine,Chip,,,,,,,,No,No,,,,,0,,0,0,0,0,0,0,0,0,0,0,,,,,,,,,,0,,,0,0,0,0,0,0,,,0,,,,,0,,,,,0,,,,,0,,,,,None,,,,1,
LP,T5,,,B6,806,Quartz,,Medium,BlankFrag,,,Distal,0%,,,,No,No,,Triangular,Step,,0,,4.07,12.95,0,0,0,0,0,0,0,0.8,,,,,,,,,,0,,,0,0,0,0,0,0,,,0,,,,,0,,,,,0,,,,,0,,,,,None,,No,,0,
LP,T5,,,B6,869,Quartz,,Fine,Chip,,,,,,,,No,No,,,,,0,,0,0,0,0,0,0,0,0,0,0,,,,,,,,,,0,,,0,0,0,0,0,0,,,0,,,,,0,,,,,0,,,,,0,,,,,None,,,,1,
LP,T5,,,B6,743,Quartz,,Medium,Chip,,,,,,,,No,No,,,,,0,,0,0,0,0,0,0,0,0,0,0,,,,,,,,,,0,,,0,0,0,0,0,0,,,0,,,,,0,,,,,0,,,,,0,,,,,None,,,,1,
LP,T5,,,B6,866,Quartz,,Fine,Chip,,,,0%,,,,No,No,,,,,0,,0,0,0,0,0,0,0,0,0,0,,,,,,,,,,0,,,0,0,0,0,0,0,,,0,,,,,0,,,,,0,,,,,0,,,,,None,,,,1,
LP,T5,,,B6,811,Quartz,,Fine,Chip,,,,,,,,No,No,,,,,0,,0,0,0,0,0,0,0,0,0,0,,,,,,,,,,0,,,0,0,0,0,0,0,,,0,,,,,0,,,,,0,,,,,0,,,,,None,,,,1,
LP,T5,,,B6,527,Quartz,,Fine,BlankFrag,,,Distal,0%,,,,No,No,,Trapezoidal,Feather,,3,,2.69,10.68,0,0,0,0,0,0,0,0.6,,,,,,,,,,0,,,0,0,0,0,0,0,,,0,,,,,0,,,,,0,,,,,0,,,,,None,,No,,0,
LP,T5,,,B8,442,Quartz,,Fine,Chip,,,,,,,,No,Yes,,,,,0,,0,0,0,0,0,0,0,0,0,0,,,,,,,,,,0,,,0,0,0,0,0,0,,,0,,,,,0,,,,,0,,,,,0,,,,,None,,,,1,
LP,T5,,,C6,916,Quartz,,Fine,BlankFrag,,,Distal,0%,,,,No,No,,Lenticular,Feather,,0,,3.2,10.15,0,0,0,0,0,0,0,0.5,,,,,,,,,,0,,,0,0,0,0,0,0,,,0,,,,,0,,,,,0,,,,,0,,,,,None,,No,,0,
LP,T5,,,C6,1054,Quartz,,Fine,Blank,,,,0%,,,Crushed,No,No,Irregular,Triangular,Feather,Curved,2,Unidirectional,3.39,8.23,7.13,8.14,4.5,16.96,2.96,7.01,83.2,0,,,,,,,,,,0,,,0,0,0,0,0,0,,,0,,,,,0,,,,,0,,,,,0,,,,,None,,No,,0,
LP,T5,,,C7,568,Quartz,,Fine,Blank,,,,0%,,,Plain,No,No,Irregular,Triangular,Feather,Straight,2,Unidirectional,3,9.03,5.27,9.09,4.88,13.04,3.1,7.85,79.7,0,,,,,,,,,,0,,,0,0,0,0,0,0,,,0,,,,,0,,,,,0,,,,,0,,,,,None,,No,,0,
LP,T5,,,C7,568,Quartz,,Fine,BlankFrag,,,Distal,0%,,,,No,No,,Triangular,Feather,,2,,1.56,5.14,0,0,0,0,0,0,0,0,,,,,,,,,,0,,,0,0,0,0,0,0,,,0,,,,,0,,,,,0,,,,,0,,,,,None,,No,,0,lamela
LP,T5,,,B6,662,Chert,RM7,,Chip,,,,,,,,No,Yes,,,,,0,,0,0,0,0,0,0,0,0,0,0,,,,,,,,,,0,,,0,0,0,0,0,0,,,0,,,,,0,,,,,0,,,,,0,,,,,None,,,,1,
LP,T5,,,B6,718,Chert,RM7,,Blank,,,,0%,,,Plain,No,No,Parallel,Triangular,Step,Straight,3,Bidirectional,4.63,9.18,6.13,9.43,7.04,12.89,3,4.38,109.2,0.4,,,,,,,,,,0,,,0,0,0,0,0,0,,,0,,,,,0,,,,,0,,,,,0,,,,,None,,No,,0,
LP,T3,,,E7,,Quartz,,RockCrystal,Core,,,,31-60%,,Cobble,,No,No,,,,,0,,35.66,34.92,34.08,36.45,35.3,28.6,39.36,35.62,94.9,57,SinglePrismatic,Quadrangular,Three,Plain,FlakingSurface,FlakingSurface,Cortical,Cortical,0%,4,Unidirectional,Parallel,26.65,17.54,11.06,13.94,17.09,84.9,Mixed,0%,1,,,Flakes,0%,1,,,Flakes,,0,,,,,0,,,,NoReason,None,,,,0,
LP,T3,,,B9,86,Chert,RM5,,Core,,,,1-30%,,Indeterminate,,YesPartial,No,,,,,0,,19.88,29.41,28.36,29.29,27.04,37.81,17.6,28.17,0,51.1,SinglePlat,Triangular,Four,Dihedral,Cortical,RandomRemoval,FlakingSurface,FlakingSurface,0%,3,Unidirectional,Parallel,38.01,20.56,10.92,13.65,19.33,79.5,Flakes,,0,,,,,1,,,,0%,6,Unidirectional,Convergent,Mixed,0%,2,Unidirectional,Parallel,Mixed,NoReason,None,,,,0,
LP,T8,,,E8,45,Quartz,,RockCrystal,Core,,,,0%,,,,No,No,,,,,0,,16.82,26.79,24.41,26.05,23.31,21.92,17.62,23.64,113.6,13.7,SinglePlat,Triangular,Three,Crushed,RandomRemoval,FlakingSurface,Crushing,Crushing,0%,1,,,21.7,20.09,14.5,20.48,9.03,67.8,Flakes,,0,,,,0%,2,Unidirectional,Parallel,Mixed,,0,,,,,0,,,,NoReason,None,,,,0,
LP,T2,,,H7,18,Other,,,Core,,,,31-60%,,Cobble,,No,No,,,,,0,,48.9,73.13,72.56,71.82,63.64,29.94,50.56,75.51,93.8,154.3,SinglePlat,Circular,Two,Plain,Cortical,FlakingSurface,Cortical,FlakingSurface,0%,4,Unidirectional,Parallel,24.71,29.69,29.27,25.21,13.87,75.8,Flakes,,0,,,,0%,1,,,Flakes,,0,,,,0%,1,,,Flakes,NoReason,None,,,,0,
LP,T4,,,F9,,Quartz,,Fine,Core,,,,61-99%,,Cobble,,No,No,,,,,0,,16.17,51.62,42.49,48.03,19.8,31.66,17.27,41.13,116.9,36,SinglePlat,Circular,One,Plain,Other,Crest,Other,Cortical,0%,4,Unidirectional,Parallel,14.52,20.1,19.76,17.3,10.67,63.8,Flakes,,0,,,,,0,,,,,0,,,,,0,,,,NoReason,None,,,,0,
LP,T3,,,G6,,Chert,RM7,,RetouchedPiece,,Blank,,0%,,,Crushed,No,No,Parallel,Trapezoidal,Hinge,Straight,4,BidirectionalOpposed,4.09,17.76,10.02,17.96,10.03,29.35,4.21,9.86,93.2,2.7,,,,,,,,,,0,,,0,0,0,0,0,0,,,0,,,,,0,,,,,0,,,,,0,,,,,None,,No,Retouched flake,0,
LP,T,,,B12,84,Chert,RM7,,Blank,,,,0%,,,Plain,No,No,Divergent,Irregular,Step,Curved,4,Unidirectional,9.23,12.53,8.9,10.44,12.63,25.4,6.2,8.45,67.3,2,,,,,,,,,,0,,,0,0,0,0,0,0,,,0,,,,,0,,,,,0,,,,,0,,,,,None,,No,,0,
LP,T1,,,F10,,Chert,,,Chip,,,,,,,,No,No,,,,,0,,0,0,0,0,0,0,0,0,0,0,,,,,,,,,,0,,,0,0,0,0,0,0,,,0,,,,,0,,,,,0,,,,,0,,,,,None,,,,1,
LP,T,,,F9,,Quartz,,Fine,Blank,,,,0%,,,Crushed,No,No,Convergent,Trapezoidal,Pointed,Straight,3,Unidirectional,4.93,13.65,12.36,13.4,2.01,18.61,4.83,12.33,98.8,1.4,,,,,,,,,,0,,,0,0,0,0,0,0,,,0,,,,,0,,,,,0,,,,,0,,,,,None,,No,,0,
LP,T,,,F9,,Quartz,,Fine,Chip,,,,,,,,No,Yes,,,,,0,,0,0,0,0,0,0,0,0,0,0,,,,,,,,,,0,,,0,0,0,0,0,0,,,0,,,,,0,,,,,0,,,,,0,,,,,None,,,,1,
LP,T3,,,G10,,Chert,,,Blank,,,,1-30%,RightLateral,Indeterminate,Plain,YesPartial,No,Convergent,Irregular,Feather,Curved,3,Unidirectional,6.55,34.05,18.55,34.2,16.34,48.95,6.16,14.6,75.8,8.3,,,,,,,,,,0,,,0,0,0,0,0,0,,,0,,,,,0,,,,,0,,,,,0,,,,,None,,Yes,,0,
LP,T,,,B4,294,Chert,,,Blank,,,,0%,,,Plain,No,No,Irregular,Trapezoidal,Feather,Straight,3,Unidirectional,4.15,27.59,14.95,27.46,9.37,44.03,6.02,13.33,83.7,4.1,,,,,,,,,,0,,,0,0,0,0,0,0,,,0,,,,,0,,,,,0,,,,,0,,,,,None,,Yes,,0,
LP,T,,,ZZ9,195,Chert,RM4,,BlankFrag,,,Distal,0%,,,,No,No,,Irregular,Feather,,3,,4.16,15.13,0,0,0,0,0,0,0,0.8,,,,,,,,,,0,,,0,0,0,0,0,0,,,0,,,,,0,,,,,0,,,,,0,,,,,Fire,Burned,No,,0,
LP,T,,,A10,214,Chert,RM4,,BlankFrag,,,Distal,0%,,,,No,No,,Lenticular,Feather,,2,,2.5,16.56,0,0,0,0,0,0,0,1.1,,,,,,,,,,0,,,0,0,0,0,0,0,,,0,,,,,0,,,,,0,,,,,0,,,,,Fire,Burned,No,,0,
LP,T,,,XX11,162,Chert,RM4,,Blank,,,,0%,,,Faceted,No,No,Irregular,Lenticular,Feather,Curved,1,Unidirectional,6.48,24.18,24.2,23.98,20.81,13.34,7.31,24.02,72.4,1.7,,,,,,,,,,0,,,0,0,0,0,0,0,,,0,,,,,0,,,,,0,,,,,0,,,,,Fire,Burned,No,,0,
LP,T,,,ZZ11,704,Chert,RM4,,Chip,,,,,,,,No,No,,,,,0,,0,0,0,0,0,0,0,0,0,0,,,,,,,,,,0,,,0,0,0,0,0,0,,,0,,,,,0,,,,,0,,,,,0,,,,,None,,,,1,
LP,T,,,YY10,718,Chert,RM6,,Blank,,,,0%,,,Plain,No,No,Divergent,Triangular,Step,Curved,4,Unidirectional,11.36,20.95,14.08,17.9,21.07,27.77,7.11,9.68,85.4,5.4,,,,,,,,,,0,,,0,0,0,0,0,0,,,0,,,,,0,,,,,0,,,,,0,,,,,None,,Yes,,0,
LP,T,,,Z11,657,Chert,RM6,,Blank,,,,0%,,,Plain,No,Yes,Convergent,Triangular,Feather,Straight,3,Unidirectional,6.65,13.27,13.25,12.3,5.01,15.17,7.88,13.76,52.3,0.9,,,,,,,,,,0,,,0,0,0,0,0,0,,,0,,,,,0,,,,,0,,,,,0,,,,,None,,No,,0,
LP,T,,,Z11,588,Chert,RM6,,Blank,,,,0%,,,Crushed,No,No,Convergent,Irregular,Hinge,Curved,2,Unidirectional,2.67,9.71,6.85,9.23,6.34,15.01,2.75,3.49,0,0.4,,,,,,,,,,0,,,0,0,0,0,0,0,,,0,,,,,0,,,,,0,,,,,0,,,,,None,,No,,0,
LP,T,,,Z11,588,Chert,,,Chip,,,,,,,,No,No,,,,,0,,0,0,0,0,0,0,0,0,0,0,,,,,,,,,,0,,,0,0,0,0,0,0,,,0,,,,,0,,,,,0,,,,,0,,,,,None,,,,2,
LP,T,,,ZZ11,606,Chert,RM6,,Blank,,,,0%,,,Plain,No,No,Irregular,Trapezoidal,Step,Straight,2,Unidirectional,5.71,17.76,15.02,16.3,6.61,26.47,3.01,13.2,76,2.9,,,,,,,,,,0,,,0,0,0,0,0,0,,,0,,,,,0,,,,,0,,,,,0,,,,,None,,No,,0,
LP,T,,,ZZ11,685,Chert,RM6,,Blank,,,,0%,,,Plain,No,No,Convergent,Triangular,Pointed,Straight,3,Unidirectional,3.39,8.96,6.37,6.91,1.7,14.56,1.75,8.79,77.2,0,,,,,,,,,,0,,,0,0,0,0,0,0,,,0,,,,,0,,,,,0,,,,,0,,,,,None,,No,,0,
LP,T,,,ZZ11,678,Chert,RM6,,Chip,,,,,,,,No,No,,,,,0,,0,0,0,0,0,0,0,0,0,0,,,,,,,,,,0,,,0,0,0,0,0,0,,,0,,,,,0,,,,,0,,,,,0,,,,,None,,,,1,
LP,T,,,ZZ11,605,Chert,RM6,,Chip,,,,,,,,No,Yes,,,,,0,,0,0,0,0,0,0,0,0,0,0,,,,,,,,,,0,,,0,0,0,0,0,0,,,0,,,,,0,,,,,0,,,,,0,,,,,None,,,,1,
LP,T7,,,E7,12,Chert,,,Blank,,,,1-30%,Distal,Indeterminate,Dihedral,No,No,Parallel,Triangular,Step,Twisted,3,Unidirectional,8.52,25.99,20.87,24.44,20.75,62.07,8.23,19.43,84.8,16.8,,,,,,,,,,0,,,0,0,0,0,0,0,,,0,,,,,0,,,,,0,,,,,0,,,,,None,,No,,0,
LP,T,,,B6,1061,Chert,,,Blank,,,,0%,,,Plain,No,No,Parallel,Triangular,Feather,Straight,5,Unidirectional,5.29,21.58,13.23,21.42,8.77,44.17,5.92,12.89,91.1,4.3,,,,,,,,,,0,,,0,0,0,0,0,0,,,0,,,,,0,,,,,0,,,,,0,,,,,None,,Yes,,0,TVC?
LP,T,,,C5,1070,Chert,,,Blank,,,,0%,,,Plain,No,No,Convergent,Triangular,Pointed,Straight,3,Unidirectional,6.66,21.91,16.03,20.81,3.09,41.39,7.06,14.4,81.5,6.4,,,,,,,,,,0,,,0,0,0,0,0,0,,,0,,,,,0,,,,,0,,,,,0,,,,,None,,Yes,,0,
LP,T,,,XX11,252,Chert,RM4,,Blank,,,,1-30%,Distal,Indeterminate,Dihedral,No,No,Déjeté,Irregular,Step,Straight,4,Unidirectional,8.9,21.05,17.62,20.31,11.49,47.13,7.8,16.86,71.9,10.5,,,,,,,,,,0,,,0,0,0,0,0,0,,,0,,,,,0,,,,,0,,,,,0,,,,,Fire,Burned,No,,0,
LP,T,,,YY11,441,Chert,RM4,,Blank,,,,0%,,,Crushed,No,No,Parallel,Trapezoidal,Feather,Straight,4,Unidirectional,5.12,20,10.92,19.56,19.03,32.43,3.59,7.83,123.3,4.3,,,,,,,,,,0,,,0,0,0,0,0,0,,,0,,,,,0,,,,,0,,,,,0,,,,,Fire,Burned,No,,0,
LP,T,,,YY9,775,Chert,RM4,,Blank,,,,0%,,,Dihedral,No,No,Parallel,Trapezoidal,Feather,Straight,3,Unidirectional,4.66,15.81,12.14,16.3,11.19,29.22,4.26,11.15,98.2,2.4,,,,,,,,,,0,,,0,0,0,0,0,0,,,0,,,,,0,,,,,0,,,,,0,,,,,Fire,Burned,No,,0,
LP,T,,,ZZ9,210,Chert,,,Blank,,,,0%,,,Plain,No,No,Parallel,Irregular,Hinge,Irregular,3,Unidirectional,9.76,26.21,14.76,26.2,8.54,58.02,6.52,11.76,111.9,17.1,,,,,,,,,,0,,,0,0,0,0,0,0,,,0,,,,,0,,,,,0,,,,,0,,,,,None,,Yes,,0,
LP,T,,,ZZ9,193,Other,,,Blank,,,,1-30%,Proximal,Indeterminate,Plain,YesComplete,No,Irregular,Triangular,Hinge,Straight,3,Unidirectional,9.37,38.98,28.5,37.11,35.06,46.8,13.67,28.55,54.5,25.6,,,,,,,,,,0,,,0,0,0,0,0,0,,,0,,,,,0,,,,,0,,,,,0,,,,,None,,Yes,,0,
LP,T8,,,F7,,Quartz,,RockCrystal,Chip,,,,,,,,No,No,,,,,0,,0,0,0,0,0,0,0,0,0,0,,,,,,,,,,0,,,0,0,0,0,0,0,,,0,,,,,0,,,,,0,,,,,0,,,,,None,,,,4,
LP,T8,,,E7,34,Quartz,,RockCrystal,Blank,,,,0%,,,Plain,No,No,Parallel,Triangular,Hinge,Straight,3,Unidirectional,12.53,18.42,13.77,18.77,12.77,29.61,9.81,14.69,86.2,6.3,,,,,,,,,,0,,,0,0,0,0,0,0,,,0,,,,,0,,,,,0,,,,,0,,,,,None,,No,,0,
LP,T,,,C5,29,Chert,,,Blank,,,,0%,,,Plain,No,No,Convergent,Triangular,Pointed,Straight,3,Unidirectional,5.61,19.99,19.99,16.39,5.65,29.54,3.4,16.69,97,2.5,,,,,,,,,,0,,,0,0,0,0,0,0,,,0,,,,,0,,,,,0,,,,,0,,,,,None,,No,,0,
LP,T,,,ZZ11,521,Chert,,,Blank,,,,0%,,,Crushed,No,No,Parallel,Triangular,Feather,Straight,3,Unidirectional,5.36,16.13,16.13,15.94,10.12,19.93,2.86,10.62,0,1.7,,,,,,,,,,0,,,0,0,0,0,0,0,,,0,,,,,0,,,,,0,,,,,0,,,,,None,,No,,0,
LP,T,,,ZZ9,427,Chert,,,Blank,,,,0%,,,Plain,No,No,Irregular,Irregular,Hinge,Curved,3,Unidirectional,8.99,35.05,18.22,36.03,14.66,25.5,5.98,11.06,92.3,6.7,,,,,,,,,,0,,,0,0,0,0,0,0,,,0,,,,,0,,,,,0,,,,,0,,,,,None,,No,,0,
LP,T,,,B8,699,Chert,,,Blank,,,,1-30%,Distal,Indeterminate,Faceted,No,No,Irregular,Trapezoidal,Hinge,Straight,3,Unidirectional,8.45,35.73,28.76,31.84,30.48,47.02,9.63,33.16,71.5,18.2,,,,,,,,,,0,,,0,0,0,0,0,0,,,0,,,,,0,,,,,0,,,,,0,,,,,None,,No,,0,
LP,T,,,ZZ10,584,Chert,,,Blank,,,,0%,,,Dihedral,No,No,Parallel,Trapezoidal,Hinge,Straight,3,Unidirectional,6.07,14.91,9.22,15.86,9.86,26.85,5.58,9.66,67,3.4,,,,,,,,,,0,,,0,0,0,0,0,0,,,0,,,,,0,,,,,0,,,,,0,,,,,None,,Yes,,0,
LP,U,,,A7,510,Quartz,,Coarse,Shatter,,,,0%,,,,No,No,,,,,0,,0,0,0,0,0,0,0,0,0,14,,,,,,,,,,0,,,0,0,0,0,0,0,,,0,,,,,0,,,,,0,,,,,0,,,,,None,,,,0,
LP,U,,,YY11,1252,Quartz,,Medium,Blank,,,,1-30%,Proximal,Cobble,Plain,YesComplete,No,Irregular,Quadrangular,Step,Straight,3,Unidirectional,22.54,44.4,31.78,45.21,19.71,70.95,23.61,29.31,129.3,95,,,,,,,,,,0,,,0,0,0,0,0,0,,,0,,,,,0,,,,,0,,,,,0,,,,,None,,No,,0,
LP,U,,,B6,1234,Chert,RM6,,BlankFrag,,,Distal,0%,,,,No,No,,Triangular,Feather,,0,,3.74,21.4,0,0,0,0,0,0,0,0.5,,,,,,,,,,0,,,0,0,0,0,0,0,,,0,,,,,0,,,,,0,,,,,0,,,,,None,,No,,0,
LP,U,,,ZZ10,875,Quartz,,Fine,Blank,,,,0%,,,Plain,YesComplete,No,Irregular,Triangular,Hinge,Irregular,3,Unidirectional,9.6,17.46,12.93,17.54,5.99,30.09,11.92,21.44,85.7,7,,,,,,,,,,0,,,0,0,0,0,0,0,,,0,,,,,0,,,,,0,,,,,0,,,,,None,,No,,0,
LP,U,,,WW11,327,Quartz,,RockCrystal,Blank,,,,0%,,,Crushed,No,No,Déjeté,Trapezoidal,Feather,Straight,3,Unidirectional,3.02,9.65,7.97,6.85,8.39,14.85,3.31,5.89,0,0,,,,,,,,,,0,,,0,0,0,0,0,0,,,0,,,,,0,,,,,0,,,,,0,,,,,None,,No,,0,
LP,U,,,ZZ5,48,Other,,,BlankFrag,,,Distal,0%,,,,No,No,,Triangular,Feather,,0,,6.78,19.22,0,0,0,0,0,0,0,2,,,,,,,,,,0,,,0,0,0,0,0,0,,,0,,,,,0,,,,,0,,,,,0,,,,,None,,No,,0,
LP,U,,,ZZ10,860,Quartz,,Fine,Blank,,,,0%,,,Plain,No,No,Circular,Triangular,Hinge,Straight,2,Unidirectional,11.94,28.61,22.19,28.01,24.03,21.7,13.32,22.99,62.8,10,,,,,,,,,,0,,,0,0,0,0,0,0,,,0,,,,,0,,,,,0,,,,,0,,,,,None,,No,,0,
LP,U,,,C7,966,Chert,,,Blank,,,,0%,,,Crushed,No,No,Divergent,Trapezoidal,Pointed,Straight,3,Unidirectional,3.63,14.62,7.36,13.47,3.61,24.71,3.6,7.03,90.2,1,,,,,,,,,,0,,,0,0,0,0,0,0,,,0,,,,,0,,,,,0,,,,,0,,,,,None,,No,,0,
LP,,,,B4,59,Chert,,,Blank,,,,0%,,,Plain,No,No,Parallel,Irregular,Step,Straight,1,Unidirectional,4.9,16.67,10.5,17.33,17.01,19.86,3.3,6.93,0,1,,,,,,,,,,0,,,0,0,0,0,0,0,,,0,,,,,0,,,,,0,,,,,0,,,,,None,,No,,0,
LP,,,,B5,1083,Quartz,,Fine,Blank,,,,31-60%,Mesial,Cobble,Plain,YesComplete,No,Parallel,Irregular,Step,Straight,2,Unidirectional,14.62,27.52,20.07,23.68,26.06,29.89,9.41,19.81,107.7,11,,,,,,,,,,0,,,0,0,0,0,0,0,,,0,,,,,0,,,,,0,,,,,0,,,,,None,,No,,0,
LP,,,,B5,1009,Chert,RM7,,Blank,,,,0%,,,Plain,YesPartial,No,Parallel,Trapezoidal,Feather,Straight,3,Unidirectional,5.52,23.53,13.2,20.48,5.24,57.15,7.21,12.88,68.6,8,,,,,,,,,,0,,,0,0,0,0,0,0,,,0,,,,,0,,,,,0,,,,,0,,,,,None,,Yes,,0,
LP,T,,,B8,699,Chert,RM5,,RetouchedPiece,,Blank,,0%,,,Faceted,No,No,Parallel,Lenticular,Step,Irregular,3,Unidirectional,8.77,36.2,33.82,31.36,25.35,48.26,9.3,29.1,66.5,19,,,,,,,,,,0,,,0,0,0,0,0,0,,,0,,,,,0,,,,,0,,,,,0,,,,,None,,No,Retouched flake,0,
LP,T,,,C5,29,Chert,RM5,,Blank,,,,0%,,,Dihedral,No,No,Convergent,Triangular,Pointed,Straight,3,Unidirectional,4.77,21.49,21.5,14.16,3.81,31.4,4.65,21.42,109.2,2,,,,,,,,,,0,,,0,0,0,0,0,0,,,0,,,,,0,,,,,0,,,,,0,,,,,None,,Yes,,0,
LP,T,,,ZZ9,427,Chert,RM5,,Blank,,,,0%,,,Plain,No,No,Déjeté,Irregular,Hinge,Straight,4,Unidirectional,9.71,36.04,15.34,34.6,8.9,25.77,4.86,9.76,103.2,7,,,,,,,,,,0,,,0,0,0,0,0,0,,,0,,,,,0,,,,,0,,,,,0,,,,,None,,Yes,,0,
LP,T,,,YY10,575,Chert,RM2,,Blank,,,,0%,,,Plain,No,No,Circular,Triangular,Feather,Straight,3,Bidirectional,7.59,25.67,17.28,25.27,19.21,23.65,9.83,20.05,67.8,5,,,,,,,,,,0,,,0,0,0,0,0,0,,,0,,,,,0,,,,,0,,,,,0,,,,,None,,Yes,,0,
LP,T,,,ZZ10,584,Chert,RM5,,Blank,,,,0%,,,Dihedral,No,No,Parallel,Trapezoidal,Hinge,Curved,3,Unidirectional,6.02,15.89,10.02,15.98,13.09,26.87,5.71,9.56,75.3,3,,,,,,,,,,0,,,0,0,0,0,0,0,,,0,,,,,0,,,,,0,,,,,0,,,,,None,,Yes,,0,
LP,T,,,ZZ11,521,Chert,RM5,,RetouchedPiece,,Blank,,0%,,,Crushed,No,No,Parallel,Triangular,Feather,Straight,3,Unidirectional,5.34,15.49,15.41,16.5,12.99,20.13,2.41,8.6,98.7,2,,,,,,,,,,0,,,0,0,0,0,0,0,,,0,,,,,0,,,,,0,,,,,0,,,,,None,,Yes,Notch,0,
LP,T,,,D10,3,Chert,RM5,,RetouchedPiece,,Blank,,31-60%,RightLateral,Indeterminate,Plain,YesPartial,No,Irregular,Triangular,Hinge,Straight,1,Unidirectional,10.1,26.92,16.08,21.39,13.92,36.06,9.82,15.45,75.1,8,,,,,,,,,,0,,,0,0,0,0,0,0,,,0,,,,,0,,,,,0,,,,,0,,,,,None,,Yes,Retouched flake,0,
LP,T,,,XX11,330,Chert,RM5,,RetouchedPiece,,Blank,,61-99%,Distal,Outcrop,Crushed,No,No,Divergent,Other,Feather,Straight,4,Centripetal,18.94,41.33,27.07,39.45,41.19,40.44,13.83,21.38,0,33,,,,,,,,,,0,,,0,0,0,0,0,0,,,0,,,,,0,,,,,0,,,,,0,,,,,None,,Yes,Retouched flake,0,
LP,T,,,C5,23,Chert,RM5,,Blank,,,,0%,,,Plain,No,No,Parallel,Triangular,Hinge,Curved,3,Unidirectional,4.81,14.3,7.99,13.67,11.06,24.61,4.53,8.03,0,0.5,,,,,,,,,,0,,,0,0,0,0,0,0,,,0,,,,,0,,,,,0,,,,,0,,,,,None,,Yes,,0,
LP,T,,,B9,86,Chert,,,Blank,,,,0%,,,Plain,No,No,Divergent,Trapezoidal,Hinge,Straight,6,Unidirectional,11.28,23.61,14.88,23.45,24.01,31.41,9,15.01,89.8,10,,,,,,,,,,0,,,0,0,0,0,0,0,,,0,,,,,0,,,,,0,,,,,0,,,,,None,,Yes,,0,
LP,T,,,A10,234,Chert,RM5,,CorePreparProd,CoreTablet,,,0%,,,Plain,No,No,Parallel,Triangular,Feather,Straight,2,Unidirectional,6.08,18.75,14.49,18.23,13.72,19.32,7.01,13.99,99.9,1,,,,,,,,,,0,,,0,0,0,0,0,0,,,0,,,,,0,,,,,0,,,,,0,,,,,None,,No,,0,
LP,T,,,B9,36,Chert,RM5,,Blank,,,,0%,,,Dihedral,No,No,Irregular,Other,Hinge,Straight,2,Unidirectional,6.74,25.72,19.27,21.53,24.51,18.89,7.63,15.72,73.4,4,,,,,,,,,,0,,,0,0,0,0,0,0,,,0,,,,,0,,,,,0,,,,,0,,,,,None,,Yes,,0,
LP,T,,,B10,80,Chert,RM5,,Blank,,,,0%,,,Plain,No,No,Irregular,Other,Step,Straight,2,Unidirectional,4.89,23.22,23.23,19.38,10.3,13.08,4.4,20.68,86,0.5,,,,,,,,,,0,,,0,0,0,0,0,0,,,0,,,,,0,,,,,0,,,,,0,,,,,None,,Yes,,0,
LP,T,,,C9,15,Chert,RM5,,RetouchedPiece,,Blank,,0%,,,Crushed,No,No,Parallel,Trapezoidal,Step,Curved,4,BidirectionalOpposed,6.94,25.77,19.49,24.33,23.92,31.51,6.4,12.1,0,7,,,,,,,,,,0,,,0,0,0,0,0,0,,,0,,,,,0,,,,,0,,,,,0,,,,,None,,No,Concave truncation,0,
LP,T,,,E9,T3,Chert,RM5,,RetouchedPiece,,Blank,,0%,,,Crushed,No,No,Divergent,Other,Step,Curved,3,Unidirectional,6.69,17.88,12.54,17.53,10.66,26.7,3.09,9.46,82.4,2,,,,,,,,,,0,,,0,0,0,0,0,0,,,0,,,,,0,,,,,0,,,,,0,,,,,None,,Yes,Truncation,0,
LP,T,,,G9,1005,Chert,,,Blank,,,,0%,,,Crushed,No,No,Divergent,Triangular,Hinge,Curved,3,Unidirectional,5.98,26.87,10.69,22.48,25.44,45.12,2.83,8.19,103.9,7,,,,,,,,,,0,,,0,0,0,0,0,0,,,0,,,,,0,,,,,0,,,,,0,,,,,None,,Yes,,0,
LP,T,,,YY11,678,Chert,,,Blank,,,,0%,,,Dihedral,No,No,Divergent,Trapezoidal,Overshoot,Curved,7,Bidirectional,8.95,24.37,13.71,21.42,23.57,37.46,7.44,10.52,93.4,10,,,,,,,,,,0,,,0,0,0,0,0,0,,,0,,,,,0,,,,,0,,,,,0,,,,,Fire,Burned,Yes,,0,
LP,T,,,D10,T1,Chert,RM5,,CorePreparProd,CoreTablet,,,0%,,,Plain,No,No,Convergent,Triangular,Pointed,Curved,0,Unidirectional,4.85,14.99,14.98,12.3,3.24,22.18,5.19,15.52,97.5,1,,,,,,,,,,0,,,0,0,0,0,0,0,,,0,,,,,0,,,,,0,,,,,0,,,,,None,,No,,0,
LP,T,,,D9,T1,Chert,RM5,,RetouchedPiece,,Other,,0%,,,Faceted,No,No,Irregular,Irregular,Step,Curved,2,Unidirectional,5.3,16.22,12.95,16.23,5.82,17.23,3.43,8.61,0,1,,,,,,,,,,0,,,0,0,0,0,0,0,,,0,,,,,0,,,,,0,,,,,0,,,,,None,,No,Retouched flake,0,EMPN Tablete
LP,T,,,ZZ9,555,Chert,RM5,,RetouchedPiece,,Blank,,0%,,,Plain,No,No,Convergent,Trapezoidal,Pointed,Curved,4,BidirectionalAlternate,8.53,22.19,21.65,22.1,5.83,40.2,5.26,19.23,89.8,8,,,,,,,,,,0,,,0,0,0,0,0,0,,,0,,,,,0,,,,,0,,,,,0,,,,,None,,No,Retouched flake,0,PVC?
LP,T,,,ZZ9,320,Chert,,,Blank,,,,0%,,,Plain,No,No,Convergent,Triangular,Feather,Straight,4,Unidirectional,5.79,28.58,16.93,27.51,7.4,59.34,8.87,16.35,70.7,10,,,,,,,,,,0,,,0,0,0,0,0,0,,,0,,,,,0,,,,,0,,,,,0,,,,,None,,Yes,Vale Comprido point (?),0,Sup VC
LP,T,,,YY11,222,Chert,RM5,,RetouchedPieceFrag,,Blank,Distal,0%,,,,No,No,,Triangular,Feather,,0,,4.25,25.49,0,0,0,0,0,0,0,1,,,,,,,,,,0,,,0,0,0,0,0,0,,,0,,,,,0,,,,,0,,,,,0,,,,,None,,No,Truncatura,0,
LP,T,,,YY11,517,Chert,RM3,,BlankFrag,,,Distal,0%,,,,No,No,,Triangular,Feather,,0,,6.69,24.47,0,0,0,0,0,0,0,5,,,,,,,,,,0,,,0,0,0,0,0,0,,,0,,,,,0,,,,,0,,,,,0,,,,,Fire,Burned,Yes,,0,
LP,T,,,ZZ9,264,Chert,RM3,,BlankFrag,,,Distal,0%,,,,No,Yes,,Triangular,Feather,,0,,3.35,18.43,0,0,0,0,0,0,0,1,,,,,,,,,,0,,,0,0,0,0,0,0,,,0,,,,,0,,,,,0,,,,,0,,,,,None,,No,,0,
LP,T,,,A8,7,Chert,,,RetouchedPieceFrag,,Blank,Distal,0%,,,,No,No,,Triangular,Feather,,0,,5.65,15.34,0,0,0,0,0,0,0,2,,,,,,,,,,0,,,0,0,0,0,0,0,,,0,,,,,0,,,,,0,,,,,0,,,,,None,,No,Retouched flake,0,
LP,T,,,YY9,475,Chert,RM1,,BlankFrag,,,Proximal,0%,,,Plain,No,No,,Triangular,,,0,,5.82,21.37,0,0,0,0,5.11,11.16,80.1,6,,,,,,,,,,0,,,0,0,0,0,0,0,,,0,,,,,0,,,,,0,,,,,0,,,,,None,,Yes,,0,
LP,T3,,,E6,62,Chert,,,RetouchedPiece,,Blank,,0%,,,Plain,No,No,Parallel,Triangular,Pointed,Straight,4,Unidirectional,6.13,20.77,16.58,20.81,10.86,62.15,5.37,14.69,82.5,10,,,,,,,,,,0,,,0,0,0,0,0,0,,,0,,,,,0,,,,,0,,,,,0,,,,,None,,No,Vale Comprido point (?),0,PVC?
LP,T,,,YY9,853,Chert,RM3,,Blank,,,,0%,,,Plain,No,No,Convergent,Triangular,Feather,Curved,3,Unidirectional,4.94,21.13,15.59,20.89,6.46,49.13,4.29,11.17,85.4,4,,,,,,,,,,0,,,0,0,0,0,0,0,,,0,,,,,0,,,,,0,,,,,0,,,,,None,,Yes,,0,
LP,T,,,A11,106,Chert,RM3,,Blank,,,,0%,,,Crushed,No,Yes,Parallel,Trapezoidal,Feather,Twisted,4,Unidirectional,5.74,18.19,11.13,16.66,10.13,49.08,5.24,11.91,95.7,6,,,,,,,,,,0,,,0,0,0,0,0,0,,,0,,,,,0,,,,,0,,,,,0,,,,,None,,No,,0,
LP,T,,,A6,185,Chert,RM3,,Blank,,,,0%,,,Plain,No,No,Convergent,Triangular,Feather,Curved,3,Unidirectional,3.42,16.31,8.6,15.81,3.01,54.03,2.27,5.36,95.8,1,,,,,,,,,,0,,,0,0,0,0,0,0,,,0,,,,,0,,,,,0,,,,,0,,,,,None,,Yes,,0,
LP,T,,,YY12,159,Chert,RM3,,Blank,,,,0%,,,Plain,No,No,Parallel,Trapezoidal,Feather,Straight,3,Unidirectional,5.13,20.65,16.82,20.45,5.39,46.62,5.26,16.42,82,6,,,,,,,,,,0,,,0,0,0,0,0,0,,,0,,,,,0,,,,,0,,,,,0,,,,,None,,Yes,,0,Sup VC?
LP,T,,,ZZ10,456,Chert,RM3,,Blank,,,,0%,,,Crushed,No,No,Parallel,Irregular,Feather,Irregular,4,Unidirectional,6.53,16.37,12.36,14.33,17.08,49.64,2,11.67,0,5,,,,,,,,,,0,,,0,0,0,0,0,0,,,0,,,,,0,,,,,0,,,,,0,,,,,None,,Yes,,0,
LP,T,,,YY9,589,Chert,RM1,,Blank,,,,0%,,,Plain,No,No,Irregular,Trapezoidal,Step,Straight,3,Unidirectional,3.41,22.03,14.1,21.49,14.42,24.91,4.75,13.09,82,3,,,,,,,,,,0,,,0,0,0,0,0,0,,,0,,,,,0,,,,,0,,,,,0,,,,,None,,Yes,,0,
LP,T,,,H7,26,Chert,,,Blank,,,,0%,,,Plain,No,No,Convergent,Trapezoidal,Feather,Straight,3,Unidirectional,5.81,23.15,12.09,20.15,20.95,53.45,4.17,9.84,89.8,8,,,,,,,,,,0,,,0,0,0,0,0,0,,,0,,,,,0,,,,,0,,,,,0,,,,,None,,Yes,,0,
LP,T,,,C6,294,Chert,,,Blank,,,,0%,,,Plain,No,No,Parallel,Trapezoidal,Feather,Curved,4,Unidirectional,4.62,22.92,16.11,25.14,5.54,52.63,4.8,14.19,108.1,8,,,,,,,,,,0,,,0,0,0,0,0,0,,,0,,,,,0,,,,,0,,,,,0,,,,,None,,No,,0,
LP,T,,,YY10,780,Chert,RM5,,RetouchedPiece,,Blank,,31-60%,LeftLateral,Outcrop,Plain,No,No,Parallel,Quadrangular,Hinge,Straight,3,BidirectionalAlternate,13.35,25.99,26.01,27.74,19.57,28.12,10.31,19.44,80.7,11,,,,,,,,,,0,,,0,0,0,0,0,0,,,0,,,,,0,,,,,0,,,,,0,,,,,None,,No,Dihedral angle burin,0,
LP,T,,,YY10,613,Chert,RM2,,Blank,,,,0%,,,Plain,No,No,Other,Lenticular,Feather,Straight,1,Unidirectional,2.76,11.51,11.51,6.56,5.57,13.26,2.73,8.53,76.8,0,,,,,,,,,,0,,,0,0,0,0,0,0,,,0,,,,,0,,,,,0,,,,,0,,,,,None,,No,,0,
LP,T,,,YY10,829,Quartz,,RockCrystal,Blank,,,,0%,,,Crushed,No,No,Convergent,Triangular,Hinge,Curved,2,Unidirectional,5.84,17.51,12.26,15.25,9.08,24.33,5.82,10.6,0,1,,,,,,,,,,0,,,0,0,0,0,0,0,,,0,,,,,0,,,,,0,,,,,0,,,,,None,,Yes,,0,
LP,T,,,F6,8,Quartz,,RockCrystal,Blank,,,,0%,,,Crushed,No,No,Convergent,Quadrangular,Pointed,Straight,3,Unidirectional,8.46,16.04,14.5,15.83,7.62,29.93,6.67,12.76,81,1,,,,,,,,,,0,,,0,0,0,0,0,0,,,0,,,,,0,,,,,0,,,,,0,,,,,None,,No,,0,
LP,T,,,YY9,639,Quartz,,RockCrystal,Blank,,,,31-60%,Distal,Cobble,Faceted,No,No,Irregular,Lenticular,Feather,Straight,1,Unidirectional,10.09,22.75,21.88,23.57,11.78,16.39,10.9,18.94,86.5,1,,,,,,,,,,0,,,0,0,0,0,0,0,,,0,,,,,0,,,,,0,,,,,0,,,,,None,,No,,0,
LP,T,,,ZZ7,22,Quartz,,Fine,Blank,,,,0%,,,Plain,No,No,Convergent,Irregular,Hinge,Irregular,3,Other,13.37,33.14,32.91,30.26,17.42,32.26,16.45,32.41,82.8,19,,,,,,,,,,0,,,0,0,0,0,0,0,,,0,,,,,0,,,,,0,,,,,0,,,,,None,,No,,0,
